C:\Users\asus\Desktop\related work\Behavioral-Cloning--SelfDrivingCar-master\IMG\center_2018_11_08_16_34_09_945.jpg, C:\Users\asus\Desktop\related work\Behavioral-Cloning--SelfDrivingCar-master\IMG\left_2018_11_08_16_34_09_945.jpg, C:\Users\asus\Desktop\related work\Behavioral-Cloning--SelfDrivingCar-master\IMG\right_2018_11_08_16_34_09_945.jpg, 0, 0, 0, 8.000727E-05
C:\Users\asus\Desktop\related work\Behavioral-Cloning--SelfDrivingCar-master\IMG\center_2018_11_08_16_34_10_080.jpg, C:\Users\asus\Desktop\related work\Behavioral-Cloning--SelfDrivingCar-master\IMG\left_2018_11_08_16_34_10_080.jpg, C:\Users\asus\Desktop\related work\Behavioral-Cloning--SelfDrivingCar-master\IMG\right_2018_11_08_16_34_10_080.jpg, 0, 0, 0, 7.785791E-05
C:\Users\asus\Desktop\related work\Behavioral-Cloning--SelfDrivingCar-master\IMG\center_2018_11_08_16_34_10_191.jpg, C:\Users\asus\Desktop\related work\Behavioral-Cloning--SelfDrivingCar-master\IMG\left_2018_11_08_16_34_10_191.jpg, C:\Users\asus\Desktop\related work\Behavioral-Cloning--SelfDrivingCar-master\IMG\right_2018_11_08_16_34_10_191.jpg, 0, 0, 0, 7.781405E-05
C:\Users\asus\Desktop\related work\Behavioral-Cloning--SelfDrivingCar-master\IMG\center_2018_11_08_16_34_10_295.jpg, C:\Users\asus\Desktop\related work\Behavioral-Cloning--SelfDrivingCar-master\IMG\left_2018_11_08_16_34_10_295.jpg, C:\Users\asus\Desktop\related work\Behavioral-Cloning--SelfDrivingCar-master\IMG\right_2018_11_08_16_34_10_295.jpg, 0, 0, 0, 7.85938E-05
C:\Users\asus\Desktop\related work\Behavioral-Cloning--SelfDrivingCar-master\IMG\center_2018_11_08_16_34_10_402.jpg, C:\Users\asus\Desktop\related work\Behavioral-Cloning--SelfDrivingCar-master\IMG\left_2018_11_08_16_34_10_402.jpg, C:\Users\asus\Desktop\related work\Behavioral-Cloning--SelfDrivingCar-master\IMG\right_2018_11_08_16_34_10_402.jpg, 0, 0, 0, 7.784307E-05
C:\Users\asus\Desktop\related work\Behavioral-Cloning--SelfDrivingCar-master\IMG\center_2018_11_08_16_34_10_518.jpg, C:\Users\asus\Desktop\related work\Behavioral-Cloning--SelfDrivingCar-master\IMG\left_2018_11_08_16_34_10_518.jpg, C:\Users\asus\Desktop\related work\Behavioral-Cloning--SelfDrivingCar-master\IMG\right_2018_11_08_16_34_10_518.jpg, 0, 0, 0, 7.936582E-05
C:\Users\asus\Desktop\related work\Behavioral-Cloning--SelfDrivingCar-master\IMG\center_2018_11_08_16_34_10_625.jpg, C:\Users\asus\Desktop\related work\Behavioral-Cloning--SelfDrivingCar-master\IMG\left_2018_11_08_16_34_10_625.jpg, C:\Users\asus\Desktop\related work\Behavioral-Cloning--SelfDrivingCar-master\IMG\right_2018_11_08_16_34_10_625.jpg, 0, 0, 0, 7.932006E-05
C:\Users\asus\Desktop\related work\Behavioral-Cloning--SelfDrivingCar-master\IMG\center_2018_11_08_16_34_10_727.jpg, C:\Users\asus\Desktop\related work\Behavioral-Cloning--SelfDrivingCar-master\IMG\left_2018_11_08_16_34_10_727.jpg, C:\Users\asus\Desktop\related work\Behavioral-Cloning--SelfDrivingCar-master\IMG\right_2018_11_08_16_34_10_727.jpg, 0, 0, 0, 7.815788E-05
C:\Users\asus\Desktop\related work\Behavioral-Cloning--SelfDrivingCar-master\IMG\center_2018_11_08_16_34_10_832.jpg, C:\Users\asus\Desktop\related work\Behavioral-Cloning--SelfDrivingCar-master\IMG\left_2018_11_08_16_34_10_832.jpg, C:\Users\asus\Desktop\related work\Behavioral-Cloning--SelfDrivingCar-master\IMG\right_2018_11_08_16_34_10_832.jpg, 0, 0, 0, 7.808513E-05
C:\Users\asus\Desktop\related work\Behavioral-Cloning--SelfDrivingCar-master\IMG\center_2018_11_08_16_34_10_938.jpg, C:\Users\asus\Desktop\related work\Behavioral-Cloning--SelfDrivingCar-master\IMG\left_2018_11_08_16_34_10_938.jpg, C:\Users\asus\Desktop\related work\Behavioral-Cloning--SelfDrivingCar-master\IMG\right_2018_11_08_16_34_10_938.jpg, 0, 0, 0, 7.803609E-05
C:\Users\asus\Desktop\related work\Behavioral-Cloning--SelfDrivingCar-master\IMG\center_2018_11_08_16_34_11_051.jpg, C:\Users\asus\Desktop\related work\Behavioral-Cloning--SelfDrivingCar-master\IMG\left_2018_11_08_16_34_11_051.jpg, C:\Users\asus\Desktop\related work\Behavioral-Cloning--SelfDrivingCar-master\IMG\right_2018_11_08_16_34_11_051.jpg, 0, 0, 0, 7.955599E-05
C:\Users\asus\Desktop\related work\Behavioral-Cloning--SelfDrivingCar-master\IMG\center_2018_11_08_16_34_11_167.jpg, C:\Users\asus\Desktop\related work\Behavioral-Cloning--SelfDrivingCar-master\IMG\left_2018_11_08_16_34_11_167.jpg, C:\Users\asus\Desktop\related work\Behavioral-Cloning--SelfDrivingCar-master\IMG\right_2018_11_08_16_34_11_167.jpg, 0, 0, 0, 7.940031E-05
C:\Users\asus\Desktop\related work\Behavioral-Cloning--SelfDrivingCar-master\IMG\center_2018_11_08_16_34_11_270.jpg, C:\Users\asus\Desktop\related work\Behavioral-Cloning--SelfDrivingCar-master\IMG\left_2018_11_08_16_34_11_270.jpg, C:\Users\asus\Desktop\related work\Behavioral-Cloning--SelfDrivingCar-master\IMG\right_2018_11_08_16_34_11_270.jpg, 0, 0, 0, 7.885549E-05
C:\Users\asus\Desktop\related work\Behavioral-Cloning--SelfDrivingCar-master\IMG\center_2018_11_08_16_34_11_375.jpg, C:\Users\asus\Desktop\related work\Behavioral-Cloning--SelfDrivingCar-master\IMG\left_2018_11_08_16_34_11_375.jpg, C:\Users\asus\Desktop\related work\Behavioral-Cloning--SelfDrivingCar-master\IMG\right_2018_11_08_16_34_11_375.jpg, 0, 0, 0, 7.80374E-05
C:\Users\asus\Desktop\related work\Behavioral-Cloning--SelfDrivingCar-master\IMG\center_2018_11_08_16_34_11_490.jpg, C:\Users\asus\Desktop\related work\Behavioral-Cloning--SelfDrivingCar-master\IMG\left_2018_11_08_16_34_11_490.jpg, C:\Users\asus\Desktop\related work\Behavioral-Cloning--SelfDrivingCar-master\IMG\right_2018_11_08_16_34_11_490.jpg, 0, 0, 0, 7.82909E-05
C:\Users\asus\Desktop\related work\Behavioral-Cloning--SelfDrivingCar-master\IMG\center_2018_11_08_16_34_11_592.jpg, C:\Users\asus\Desktop\related work\Behavioral-Cloning--SelfDrivingCar-master\IMG\left_2018_11_08_16_34_11_592.jpg, C:\Users\asus\Desktop\related work\Behavioral-Cloning--SelfDrivingCar-master\IMG\right_2018_11_08_16_34_11_592.jpg, 0, 0, 0, 7.812614E-05
C:\Users\asus\Desktop\related work\Behavioral-Cloning--SelfDrivingCar-master\IMG\center_2018_11_08_16_34_11_704.jpg, C:\Users\asus\Desktop\related work\Behavioral-Cloning--SelfDrivingCar-master\IMG\left_2018_11_08_16_34_11_704.jpg, C:\Users\asus\Desktop\related work\Behavioral-Cloning--SelfDrivingCar-master\IMG\right_2018_11_08_16_34_11_704.jpg, 0, 0, 0, 7.844589E-05
C:\Users\asus\Desktop\related work\Behavioral-Cloning--SelfDrivingCar-master\IMG\center_2018_11_08_16_34_11_805.jpg, C:\Users\asus\Desktop\related work\Behavioral-Cloning--SelfDrivingCar-master\IMG\left_2018_11_08_16_34_11_805.jpg, C:\Users\asus\Desktop\related work\Behavioral-Cloning--SelfDrivingCar-master\IMG\right_2018_11_08_16_34_11_805.jpg, 0, 0, 0, 7.888563E-05
C:\Users\asus\Desktop\related work\Behavioral-Cloning--SelfDrivingCar-master\IMG\center_2018_11_08_16_34_11_915.jpg, C:\Users\asus\Desktop\related work\Behavioral-Cloning--SelfDrivingCar-master\IMG\left_2018_11_08_16_34_11_915.jpg, C:\Users\asus\Desktop\related work\Behavioral-Cloning--SelfDrivingCar-master\IMG\right_2018_11_08_16_34_11_915.jpg, 0, 0, 0, 8.049921E-05
C:\Users\asus\Desktop\related work\Behavioral-Cloning--SelfDrivingCar-master\IMG\center_2018_11_08_16_34_12_017.jpg, C:\Users\asus\Desktop\related work\Behavioral-Cloning--SelfDrivingCar-master\IMG\left_2018_11_08_16_34_12_017.jpg, C:\Users\asus\Desktop\related work\Behavioral-Cloning--SelfDrivingCar-master\IMG\right_2018_11_08_16_34_12_017.jpg, 0, 0, 0, 7.808531E-05
C:\Users\asus\Desktop\related work\Behavioral-Cloning--SelfDrivingCar-master\IMG\center_2018_11_08_16_34_12_121.jpg, C:\Users\asus\Desktop\related work\Behavioral-Cloning--SelfDrivingCar-master\IMG\left_2018_11_08_16_34_12_121.jpg, C:\Users\asus\Desktop\related work\Behavioral-Cloning--SelfDrivingCar-master\IMG\right_2018_11_08_16_34_12_121.jpg, 0, 0, 0, 7.808995E-05
C:\Users\asus\Desktop\related work\Behavioral-Cloning--SelfDrivingCar-master\IMG\center_2018_11_08_16_34_12_228.jpg, C:\Users\asus\Desktop\related work\Behavioral-Cloning--SelfDrivingCar-master\IMG\left_2018_11_08_16_34_12_228.jpg, C:\Users\asus\Desktop\related work\Behavioral-Cloning--SelfDrivingCar-master\IMG\right_2018_11_08_16_34_12_228.jpg, 0, 0, 0, 7.797523E-05
C:\Users\asus\Desktop\related work\Behavioral-Cloning--SelfDrivingCar-master\IMG\center_2018_11_08_16_34_12_335.jpg, C:\Users\asus\Desktop\related work\Behavioral-Cloning--SelfDrivingCar-master\IMG\left_2018_11_08_16_34_12_335.jpg, C:\Users\asus\Desktop\related work\Behavioral-Cloning--SelfDrivingCar-master\IMG\right_2018_11_08_16_34_12_335.jpg, 0, 0, 0, 7.825195E-05
C:\Users\asus\Desktop\related work\Behavioral-Cloning--SelfDrivingCar-master\IMG\center_2018_11_08_16_34_12_453.jpg, C:\Users\asus\Desktop\related work\Behavioral-Cloning--SelfDrivingCar-master\IMG\left_2018_11_08_16_34_12_453.jpg, C:\Users\asus\Desktop\related work\Behavioral-Cloning--SelfDrivingCar-master\IMG\right_2018_11_08_16_34_12_453.jpg, 0, 0, 0, 7.808295E-05
C:\Users\asus\Desktop\related work\Behavioral-Cloning--SelfDrivingCar-master\IMG\center_2018_11_08_16_34_12_564.jpg, C:\Users\asus\Desktop\related work\Behavioral-Cloning--SelfDrivingCar-master\IMG\left_2018_11_08_16_34_12_564.jpg, C:\Users\asus\Desktop\related work\Behavioral-Cloning--SelfDrivingCar-master\IMG\right_2018_11_08_16_34_12_564.jpg, 0, 0, 0, 7.77657E-05
C:\Users\asus\Desktop\related work\Behavioral-Cloning--SelfDrivingCar-master\IMG\center_2018_11_08_16_34_12_671.jpg, C:\Users\asus\Desktop\related work\Behavioral-Cloning--SelfDrivingCar-master\IMG\left_2018_11_08_16_34_12_671.jpg, C:\Users\asus\Desktop\related work\Behavioral-Cloning--SelfDrivingCar-master\IMG\right_2018_11_08_16_34_12_671.jpg, 0, 0, 0, 7.819512E-05
C:\Users\asus\Desktop\related work\Behavioral-Cloning--SelfDrivingCar-master\IMG\center_2018_11_08_16_34_12_777.jpg, C:\Users\asus\Desktop\related work\Behavioral-Cloning--SelfDrivingCar-master\IMG\left_2018_11_08_16_34_12_777.jpg, C:\Users\asus\Desktop\related work\Behavioral-Cloning--SelfDrivingCar-master\IMG\right_2018_11_08_16_34_12_777.jpg, 0, 0, 0, 7.83136E-05
C:\Users\asus\Desktop\related work\Behavioral-Cloning--SelfDrivingCar-master\IMG\center_2018_11_08_16_34_12_880.jpg, C:\Users\asus\Desktop\related work\Behavioral-Cloning--SelfDrivingCar-master\IMG\left_2018_11_08_16_34_12_880.jpg, C:\Users\asus\Desktop\related work\Behavioral-Cloning--SelfDrivingCar-master\IMG\right_2018_11_08_16_34_12_880.jpg, 0, 0, 0, 7.811205E-05
C:\Users\asus\Desktop\related work\Behavioral-Cloning--SelfDrivingCar-master\IMG\center_2018_11_08_16_34_12_980.jpg, C:\Users\asus\Desktop\related work\Behavioral-Cloning--SelfDrivingCar-master\IMG\left_2018_11_08_16_34_12_980.jpg, C:\Users\asus\Desktop\related work\Behavioral-Cloning--SelfDrivingCar-master\IMG\right_2018_11_08_16_34_12_980.jpg, 0, 0, 0, 7.823468E-05
C:\Users\asus\Desktop\related work\Behavioral-Cloning--SelfDrivingCar-master\IMG\center_2018_11_08_16_34_13_080.jpg, C:\Users\asus\Desktop\related work\Behavioral-Cloning--SelfDrivingCar-master\IMG\left_2018_11_08_16_34_13_080.jpg, C:\Users\asus\Desktop\related work\Behavioral-Cloning--SelfDrivingCar-master\IMG\right_2018_11_08_16_34_13_080.jpg, 0, 0, 0, 7.820327E-05
C:\Users\asus\Desktop\related work\Behavioral-Cloning--SelfDrivingCar-master\IMG\center_2018_11_08_16_34_13_181.jpg, C:\Users\asus\Desktop\related work\Behavioral-Cloning--SelfDrivingCar-master\IMG\left_2018_11_08_16_34_13_181.jpg, C:\Users\asus\Desktop\related work\Behavioral-Cloning--SelfDrivingCar-master\IMG\right_2018_11_08_16_34_13_181.jpg, 0, 0, 0, 7.862586E-05
C:\Users\asus\Desktop\related work\Behavioral-Cloning--SelfDrivingCar-master\IMG\center_2018_11_08_16_34_13_281.jpg, C:\Users\asus\Desktop\related work\Behavioral-Cloning--SelfDrivingCar-master\IMG\left_2018_11_08_16_34_13_281.jpg, C:\Users\asus\Desktop\related work\Behavioral-Cloning--SelfDrivingCar-master\IMG\right_2018_11_08_16_34_13_281.jpg, 0, 0, 0, 8.059846E-05
C:\Users\asus\Desktop\related work\Behavioral-Cloning--SelfDrivingCar-master\IMG\center_2018_11_08_16_34_13_383.jpg, C:\Users\asus\Desktop\related work\Behavioral-Cloning--SelfDrivingCar-master\IMG\left_2018_11_08_16_34_13_383.jpg, C:\Users\asus\Desktop\related work\Behavioral-Cloning--SelfDrivingCar-master\IMG\right_2018_11_08_16_34_13_383.jpg, 0, 0, 0, 7.98503E-05
C:\Users\asus\Desktop\related work\Behavioral-Cloning--SelfDrivingCar-master\IMG\center_2018_11_08_16_34_13_484.jpg, C:\Users\asus\Desktop\related work\Behavioral-Cloning--SelfDrivingCar-master\IMG\left_2018_11_08_16_34_13_484.jpg, C:\Users\asus\Desktop\related work\Behavioral-Cloning--SelfDrivingCar-master\IMG\right_2018_11_08_16_34_13_484.jpg, 0, 0, 0, 7.800499E-05
C:\Users\asus\Desktop\related work\Behavioral-Cloning--SelfDrivingCar-master\IMG\center_2018_11_08_16_34_13_601.jpg, C:\Users\asus\Desktop\related work\Behavioral-Cloning--SelfDrivingCar-master\IMG\left_2018_11_08_16_34_13_601.jpg, C:\Users\asus\Desktop\related work\Behavioral-Cloning--SelfDrivingCar-master\IMG\right_2018_11_08_16_34_13_601.jpg, 0, 0, 0, 7.934251E-05
C:\Users\asus\Desktop\related work\Behavioral-Cloning--SelfDrivingCar-master\IMG\center_2018_11_08_16_34_13_702.jpg, C:\Users\asus\Desktop\related work\Behavioral-Cloning--SelfDrivingCar-master\IMG\left_2018_11_08_16_34_13_702.jpg, C:\Users\asus\Desktop\related work\Behavioral-Cloning--SelfDrivingCar-master\IMG\right_2018_11_08_16_34_13_702.jpg, 0, 0, 0, 7.853981E-05
C:\Users\asus\Desktop\related work\Behavioral-Cloning--SelfDrivingCar-master\IMG\center_2018_11_08_16_34_13_813.jpg, C:\Users\asus\Desktop\related work\Behavioral-Cloning--SelfDrivingCar-master\IMG\left_2018_11_08_16_34_13_813.jpg, C:\Users\asus\Desktop\related work\Behavioral-Cloning--SelfDrivingCar-master\IMG\right_2018_11_08_16_34_13_813.jpg, 0, 0, 0, 7.799731E-05
C:\Users\asus\Desktop\related work\Behavioral-Cloning--SelfDrivingCar-master\IMG\center_2018_11_08_16_34_13_914.jpg, C:\Users\asus\Desktop\related work\Behavioral-Cloning--SelfDrivingCar-master\IMG\left_2018_11_08_16_34_13_914.jpg, C:\Users\asus\Desktop\related work\Behavioral-Cloning--SelfDrivingCar-master\IMG\right_2018_11_08_16_34_13_914.jpg, 0, 0, 0, 7.769309E-05
C:\Users\asus\Desktop\related work\Behavioral-Cloning--SelfDrivingCar-master\IMG\center_2018_11_08_16_34_14_019.jpg, C:\Users\asus\Desktop\related work\Behavioral-Cloning--SelfDrivingCar-master\IMG\left_2018_11_08_16_34_14_019.jpg, C:\Users\asus\Desktop\related work\Behavioral-Cloning--SelfDrivingCar-master\IMG\right_2018_11_08_16_34_14_019.jpg, 0, 0, 0, 8.055598E-05
C:\Users\asus\Desktop\related work\Behavioral-Cloning--SelfDrivingCar-master\IMG\center_2018_11_08_16_34_14_133.jpg, C:\Users\asus\Desktop\related work\Behavioral-Cloning--SelfDrivingCar-master\IMG\left_2018_11_08_16_34_14_133.jpg, C:\Users\asus\Desktop\related work\Behavioral-Cloning--SelfDrivingCar-master\IMG\right_2018_11_08_16_34_14_133.jpg, 0, 0, 0, 7.959166E-05
C:\Users\asus\Desktop\related work\Behavioral-Cloning--SelfDrivingCar-master\IMG\center_2018_11_08_16_34_14_240.jpg, C:\Users\asus\Desktop\related work\Behavioral-Cloning--SelfDrivingCar-master\IMG\left_2018_11_08_16_34_14_240.jpg, C:\Users\asus\Desktop\related work\Behavioral-Cloning--SelfDrivingCar-master\IMG\right_2018_11_08_16_34_14_240.jpg, 0, 0, 0, 7.832475E-05
C:\Users\asus\Desktop\related work\Behavioral-Cloning--SelfDrivingCar-master\IMG\center_2018_11_08_16_34_14_348.jpg, C:\Users\asus\Desktop\related work\Behavioral-Cloning--SelfDrivingCar-master\IMG\left_2018_11_08_16_34_14_348.jpg, C:\Users\asus\Desktop\related work\Behavioral-Cloning--SelfDrivingCar-master\IMG\right_2018_11_08_16_34_14_348.jpg, 0, 0, 0, 7.79164E-05
C:\Users\asus\Desktop\related work\Behavioral-Cloning--SelfDrivingCar-master\IMG\center_2018_11_08_16_34_14_462.jpg, C:\Users\asus\Desktop\related work\Behavioral-Cloning--SelfDrivingCar-master\IMG\left_2018_11_08_16_34_14_462.jpg, C:\Users\asus\Desktop\related work\Behavioral-Cloning--SelfDrivingCar-master\IMG\right_2018_11_08_16_34_14_462.jpg, 0, 0, 0, 7.798636E-05
C:\Users\asus\Desktop\related work\Behavioral-Cloning--SelfDrivingCar-master\IMG\center_2018_11_08_16_34_14_579.jpg, C:\Users\asus\Desktop\related work\Behavioral-Cloning--SelfDrivingCar-master\IMG\left_2018_11_08_16_34_14_579.jpg, C:\Users\asus\Desktop\related work\Behavioral-Cloning--SelfDrivingCar-master\IMG\right_2018_11_08_16_34_14_579.jpg, 0, 0, 0, 7.891337E-05
C:\Users\asus\Desktop\related work\Behavioral-Cloning--SelfDrivingCar-master\IMG\center_2018_11_08_16_34_14_684.jpg, C:\Users\asus\Desktop\related work\Behavioral-Cloning--SelfDrivingCar-master\IMG\left_2018_11_08_16_34_14_684.jpg, C:\Users\asus\Desktop\related work\Behavioral-Cloning--SelfDrivingCar-master\IMG\right_2018_11_08_16_34_14_684.jpg, 0, 0, 0, 7.79176E-05
C:\Users\asus\Desktop\related work\Behavioral-Cloning--SelfDrivingCar-master\IMG\center_2018_11_08_16_34_14_794.jpg, C:\Users\asus\Desktop\related work\Behavioral-Cloning--SelfDrivingCar-master\IMG\left_2018_11_08_16_34_14_794.jpg, C:\Users\asus\Desktop\related work\Behavioral-Cloning--SelfDrivingCar-master\IMG\right_2018_11_08_16_34_14_794.jpg, 0, 0, 0, 8.215909E-05
C:\Users\asus\Desktop\related work\Behavioral-Cloning--SelfDrivingCar-master\IMG\center_2018_11_08_16_34_14_904.jpg, C:\Users\asus\Desktop\related work\Behavioral-Cloning--SelfDrivingCar-master\IMG\left_2018_11_08_16_34_14_904.jpg, C:\Users\asus\Desktop\related work\Behavioral-Cloning--SelfDrivingCar-master\IMG\right_2018_11_08_16_34_14_904.jpg, 0, 0, 0, 7.787684E-05
C:\Users\asus\Desktop\related work\Behavioral-Cloning--SelfDrivingCar-master\IMG\center_2018_11_08_16_34_15_013.jpg, C:\Users\asus\Desktop\related work\Behavioral-Cloning--SelfDrivingCar-master\IMG\left_2018_11_08_16_34_15_013.jpg, C:\Users\asus\Desktop\related work\Behavioral-Cloning--SelfDrivingCar-master\IMG\right_2018_11_08_16_34_15_013.jpg, 0, 0, 0, 7.822521E-05
C:\Users\asus\Desktop\related work\Behavioral-Cloning--SelfDrivingCar-master\IMG\center_2018_11_08_16_34_15_121.jpg, C:\Users\asus\Desktop\related work\Behavioral-Cloning--SelfDrivingCar-master\IMG\left_2018_11_08_16_34_15_121.jpg, C:\Users\asus\Desktop\related work\Behavioral-Cloning--SelfDrivingCar-master\IMG\right_2018_11_08_16_34_15_121.jpg, 0, 0, 0, 7.792019E-05
C:\Users\asus\Desktop\related work\Behavioral-Cloning--SelfDrivingCar-master\IMG\center_2018_11_08_16_34_15_264.jpg, C:\Users\asus\Desktop\related work\Behavioral-Cloning--SelfDrivingCar-master\IMG\left_2018_11_08_16_34_15_264.jpg, C:\Users\asus\Desktop\related work\Behavioral-Cloning--SelfDrivingCar-master\IMG\right_2018_11_08_16_34_15_264.jpg, 0, 0, 0, 7.801442E-05
C:\Users\asus\Desktop\related work\Behavioral-Cloning--SelfDrivingCar-master\IMG\center_2018_11_08_16_34_15_401.jpg, C:\Users\asus\Desktop\related work\Behavioral-Cloning--SelfDrivingCar-master\IMG\left_2018_11_08_16_34_15_401.jpg, C:\Users\asus\Desktop\related work\Behavioral-Cloning--SelfDrivingCar-master\IMG\right_2018_11_08_16_34_15_401.jpg, 0, 0.1492739, 0, 0.03219778
C:\Users\asus\Desktop\related work\Behavioral-Cloning--SelfDrivingCar-master\IMG\center_2018_11_08_16_34_15_504.jpg, C:\Users\asus\Desktop\related work\Behavioral-Cloning--SelfDrivingCar-master\IMG\left_2018_11_08_16_34_15_504.jpg, C:\Users\asus\Desktop\related work\Behavioral-Cloning--SelfDrivingCar-master\IMG\right_2018_11_08_16_34_15_504.jpg, 0, 0.5085664, 0, 0.7545159
C:\Users\asus\Desktop\related work\Behavioral-Cloning--SelfDrivingCar-master\IMG\center_2018_11_08_16_34_15_605.jpg, C:\Users\asus\Desktop\related work\Behavioral-Cloning--SelfDrivingCar-master\IMG\left_2018_11_08_16_34_15_605.jpg, C:\Users\asus\Desktop\related work\Behavioral-Cloning--SelfDrivingCar-master\IMG\right_2018_11_08_16_34_15_605.jpg, 0, 0.7641076, 0, 1.534475
C:\Users\asus\Desktop\related work\Behavioral-Cloning--SelfDrivingCar-master\IMG\center_2018_11_08_16_34_15_708.jpg, C:\Users\asus\Desktop\related work\Behavioral-Cloning--SelfDrivingCar-master\IMG\left_2018_11_08_16_34_15_708.jpg, C:\Users\asus\Desktop\related work\Behavioral-Cloning--SelfDrivingCar-master\IMG\right_2018_11_08_16_34_15_708.jpg, 0, 1, 0, 2.939095
C:\Users\asus\Desktop\related work\Behavioral-Cloning--SelfDrivingCar-master\IMG\center_2018_11_08_16_34_15_808.jpg, C:\Users\asus\Desktop\related work\Behavioral-Cloning--SelfDrivingCar-master\IMG\left_2018_11_08_16_34_15_808.jpg, C:\Users\asus\Desktop\related work\Behavioral-Cloning--SelfDrivingCar-master\IMG\right_2018_11_08_16_34_15_808.jpg, 0, 1, 0, 4.11104
C:\Users\asus\Desktop\related work\Behavioral-Cloning--SelfDrivingCar-master\IMG\center_2018_11_08_16_34_15_917.jpg, C:\Users\asus\Desktop\related work\Behavioral-Cloning--SelfDrivingCar-master\IMG\left_2018_11_08_16_34_15_917.jpg, C:\Users\asus\Desktop\related work\Behavioral-Cloning--SelfDrivingCar-master\IMG\right_2018_11_08_16_34_15_917.jpg, 0, 1, 0, 5.275737
C:\Users\asus\Desktop\related work\Behavioral-Cloning--SelfDrivingCar-master\IMG\center_2018_11_08_16_34_16_030.jpg, C:\Users\asus\Desktop\related work\Behavioral-Cloning--SelfDrivingCar-master\IMG\left_2018_11_08_16_34_16_030.jpg, C:\Users\asus\Desktop\related work\Behavioral-Cloning--SelfDrivingCar-master\IMG\right_2018_11_08_16_34_16_030.jpg, 0, 1, 0, 6.65845
C:\Users\asus\Desktop\related work\Behavioral-Cloning--SelfDrivingCar-master\IMG\center_2018_11_08_16_34_16_132.jpg, C:\Users\asus\Desktop\related work\Behavioral-Cloning--SelfDrivingCar-master\IMG\left_2018_11_08_16_34_16_132.jpg, C:\Users\asus\Desktop\related work\Behavioral-Cloning--SelfDrivingCar-master\IMG\right_2018_11_08_16_34_16_132.jpg, 0, 1, 0, 7.798429
C:\Users\asus\Desktop\related work\Behavioral-Cloning--SelfDrivingCar-master\IMG\center_2018_11_08_16_34_16_259.jpg, C:\Users\asus\Desktop\related work\Behavioral-Cloning--SelfDrivingCar-master\IMG\left_2018_11_08_16_34_16_259.jpg, C:\Users\asus\Desktop\related work\Behavioral-Cloning--SelfDrivingCar-master\IMG\right_2018_11_08_16_34_16_259.jpg, 0, 1, 0, 9.151803
C:\Users\asus\Desktop\related work\Behavioral-Cloning--SelfDrivingCar-master\IMG\center_2018_11_08_16_34_16_373.jpg, C:\Users\asus\Desktop\related work\Behavioral-Cloning--SelfDrivingCar-master\IMG\left_2018_11_08_16_34_16_373.jpg, C:\Users\asus\Desktop\related work\Behavioral-Cloning--SelfDrivingCar-master\IMG\right_2018_11_08_16_34_16_373.jpg, 0, 1, 0, 10.48929
C:\Users\asus\Desktop\related work\Behavioral-Cloning--SelfDrivingCar-master\IMG\center_2018_11_08_16_34_16_481.jpg, C:\Users\asus\Desktop\related work\Behavioral-Cloning--SelfDrivingCar-master\IMG\left_2018_11_08_16_34_16_481.jpg, C:\Users\asus\Desktop\related work\Behavioral-Cloning--SelfDrivingCar-master\IMG\right_2018_11_08_16_34_16_481.jpg, 0, 1, 0, 11.69023
C:\Users\asus\Desktop\related work\Behavioral-Cloning--SelfDrivingCar-master\IMG\center_2018_11_08_16_34_16_591.jpg, C:\Users\asus\Desktop\related work\Behavioral-Cloning--SelfDrivingCar-master\IMG\left_2018_11_08_16_34_16_591.jpg, C:\Users\asus\Desktop\related work\Behavioral-Cloning--SelfDrivingCar-master\IMG\right_2018_11_08_16_34_16_591.jpg, 0, 1, 0, 12.86685
C:\Users\asus\Desktop\related work\Behavioral-Cloning--SelfDrivingCar-master\IMG\center_2018_11_08_16_34_16_701.jpg, C:\Users\asus\Desktop\related work\Behavioral-Cloning--SelfDrivingCar-master\IMG\left_2018_11_08_16_34_16_701.jpg, C:\Users\asus\Desktop\related work\Behavioral-Cloning--SelfDrivingCar-master\IMG\right_2018_11_08_16_34_16_701.jpg, 0, 1, 0, 13.91835
C:\Users\asus\Desktop\related work\Behavioral-Cloning--SelfDrivingCar-master\IMG\center_2018_11_08_16_34_16_805.jpg, C:\Users\asus\Desktop\related work\Behavioral-Cloning--SelfDrivingCar-master\IMG\left_2018_11_08_16_34_16_805.jpg, C:\Users\asus\Desktop\related work\Behavioral-Cloning--SelfDrivingCar-master\IMG\right_2018_11_08_16_34_16_805.jpg, 0, 1, 0, 15.09342
C:\Users\asus\Desktop\related work\Behavioral-Cloning--SelfDrivingCar-master\IMG\center_2018_11_08_16_34_16_920.jpg, C:\Users\asus\Desktop\related work\Behavioral-Cloning--SelfDrivingCar-master\IMG\left_2018_11_08_16_34_16_920.jpg, C:\Users\asus\Desktop\related work\Behavioral-Cloning--SelfDrivingCar-master\IMG\right_2018_11_08_16_34_16_920.jpg, 0, 1, 0, 16.32935
C:\Users\asus\Desktop\related work\Behavioral-Cloning--SelfDrivingCar-master\IMG\center_2018_11_08_16_34_17_022.jpg, C:\Users\asus\Desktop\related work\Behavioral-Cloning--SelfDrivingCar-master\IMG\left_2018_11_08_16_34_17_022.jpg, C:\Users\asus\Desktop\related work\Behavioral-Cloning--SelfDrivingCar-master\IMG\right_2018_11_08_16_34_17_022.jpg, 0, 1, 0, 17.34245
C:\Users\asus\Desktop\related work\Behavioral-Cloning--SelfDrivingCar-master\IMG\center_2018_11_08_16_34_17_152.jpg, C:\Users\asus\Desktop\related work\Behavioral-Cloning--SelfDrivingCar-master\IMG\left_2018_11_08_16_34_17_152.jpg, C:\Users\asus\Desktop\related work\Behavioral-Cloning--SelfDrivingCar-master\IMG\right_2018_11_08_16_34_17_152.jpg, 0, 1, 0, 18.79751
C:\Users\asus\Desktop\related work\Behavioral-Cloning--SelfDrivingCar-master\IMG\center_2018_11_08_16_34_17_266.jpg, C:\Users\asus\Desktop\related work\Behavioral-Cloning--SelfDrivingCar-master\IMG\left_2018_11_08_16_34_17_266.jpg, C:\Users\asus\Desktop\related work\Behavioral-Cloning--SelfDrivingCar-master\IMG\right_2018_11_08_16_34_17_266.jpg, 0, 1, 0, 20.01435
C:\Users\asus\Desktop\related work\Behavioral-Cloning--SelfDrivingCar-master\IMG\center_2018_11_08_16_34_17_374.jpg, C:\Users\asus\Desktop\related work\Behavioral-Cloning--SelfDrivingCar-master\IMG\left_2018_11_08_16_34_17_374.jpg, C:\Users\asus\Desktop\related work\Behavioral-Cloning--SelfDrivingCar-master\IMG\right_2018_11_08_16_34_17_374.jpg, 0, 1, 0, 21.03495
C:\Users\asus\Desktop\related work\Behavioral-Cloning--SelfDrivingCar-master\IMG\center_2018_11_08_16_34_17_482.jpg, C:\Users\asus\Desktop\related work\Behavioral-Cloning--SelfDrivingCar-master\IMG\left_2018_11_08_16_34_17_482.jpg, C:\Users\asus\Desktop\related work\Behavioral-Cloning--SelfDrivingCar-master\IMG\right_2018_11_08_16_34_17_482.jpg, 0, 1, 0, 22.0137
C:\Users\asus\Desktop\related work\Behavioral-Cloning--SelfDrivingCar-master\IMG\center_2018_11_08_16_34_17_589.jpg, C:\Users\asus\Desktop\related work\Behavioral-Cloning--SelfDrivingCar-master\IMG\left_2018_11_08_16_34_17_589.jpg, C:\Users\asus\Desktop\related work\Behavioral-Cloning--SelfDrivingCar-master\IMG\right_2018_11_08_16_34_17_589.jpg, 0, 1, 0, 23.1955
C:\Users\asus\Desktop\related work\Behavioral-Cloning--SelfDrivingCar-master\IMG\center_2018_11_08_16_34_17_691.jpg, C:\Users\asus\Desktop\related work\Behavioral-Cloning--SelfDrivingCar-master\IMG\left_2018_11_08_16_34_17_691.jpg, C:\Users\asus\Desktop\related work\Behavioral-Cloning--SelfDrivingCar-master\IMG\right_2018_11_08_16_34_17_691.jpg, -0.03237714, 1, 0, 24.17242
C:\Users\asus\Desktop\related work\Behavioral-Cloning--SelfDrivingCar-master\IMG\center_2018_11_08_16_34_17_793.jpg, C:\Users\asus\Desktop\related work\Behavioral-Cloning--SelfDrivingCar-master\IMG\left_2018_11_08_16_34_17_793.jpg, C:\Users\asus\Desktop\related work\Behavioral-Cloning--SelfDrivingCar-master\IMG\right_2018_11_08_16_34_17_793.jpg, -0.3389696, 1, 0, 25.05234
C:\Users\asus\Desktop\related work\Behavioral-Cloning--SelfDrivingCar-master\IMG\center_2018_11_08_16_34_17_912.jpg, C:\Users\asus\Desktop\related work\Behavioral-Cloning--SelfDrivingCar-master\IMG\left_2018_11_08_16_34_17_912.jpg, C:\Users\asus\Desktop\related work\Behavioral-Cloning--SelfDrivingCar-master\IMG\right_2018_11_08_16_34_17_912.jpg, -0.695296, 1, 0, 25.83998
C:\Users\asus\Desktop\related work\Behavioral-Cloning--SelfDrivingCar-master\IMG\center_2018_11_08_16_34_18_028.jpg, C:\Users\asus\Desktop\related work\Behavioral-Cloning--SelfDrivingCar-master\IMG\left_2018_11_08_16_34_18_028.jpg, C:\Users\asus\Desktop\related work\Behavioral-Cloning--SelfDrivingCar-master\IMG\right_2018_11_08_16_34_18_028.jpg, -1, 1, 0, 26.36707
C:\Users\asus\Desktop\related work\Behavioral-Cloning--SelfDrivingCar-master\IMG\center_2018_11_08_16_34_18_155.jpg, C:\Users\asus\Desktop\related work\Behavioral-Cloning--SelfDrivingCar-master\IMG\left_2018_11_08_16_34_18_155.jpg, C:\Users\asus\Desktop\related work\Behavioral-Cloning--SelfDrivingCar-master\IMG\right_2018_11_08_16_34_18_155.jpg, -1, 1, 0, 27.20588
C:\Users\asus\Desktop\related work\Behavioral-Cloning--SelfDrivingCar-master\IMG\center_2018_11_08_16_34_18_285.jpg, C:\Users\asus\Desktop\related work\Behavioral-Cloning--SelfDrivingCar-master\IMG\left_2018_11_08_16_34_18_285.jpg, C:\Users\asus\Desktop\related work\Behavioral-Cloning--SelfDrivingCar-master\IMG\right_2018_11_08_16_34_18_285.jpg, -1, 1, 0, 28.28189
C:\Users\asus\Desktop\related work\Behavioral-Cloning--SelfDrivingCar-master\IMG\center_2018_11_08_16_34_18_411.jpg, C:\Users\asus\Desktop\related work\Behavioral-Cloning--SelfDrivingCar-master\IMG\left_2018_11_08_16_34_18_411.jpg, C:\Users\asus\Desktop\related work\Behavioral-Cloning--SelfDrivingCar-master\IMG\right_2018_11_08_16_34_18_411.jpg, -1, 1, 0, 29.24596
C:\Users\asus\Desktop\related work\Behavioral-Cloning--SelfDrivingCar-master\IMG\center_2018_11_08_16_34_18_521.jpg, C:\Users\asus\Desktop\related work\Behavioral-Cloning--SelfDrivingCar-master\IMG\left_2018_11_08_16_34_18_521.jpg, C:\Users\asus\Desktop\related work\Behavioral-Cloning--SelfDrivingCar-master\IMG\right_2018_11_08_16_34_18_521.jpg, -0.8316981, 1, 0, 30.12531
C:\Users\asus\Desktop\related work\Behavioral-Cloning--SelfDrivingCar-master\IMG\center_2018_11_08_16_34_18_623.jpg, C:\Users\asus\Desktop\related work\Behavioral-Cloning--SelfDrivingCar-master\IMG\left_2018_11_08_16_34_18_623.jpg, C:\Users\asus\Desktop\related work\Behavioral-Cloning--SelfDrivingCar-master\IMG\right_2018_11_08_16_34_18_623.jpg, -0.5529892, 1, 0, 30.21258
C:\Users\asus\Desktop\related work\Behavioral-Cloning--SelfDrivingCar-master\IMG\center_2018_11_08_16_34_18_732.jpg, C:\Users\asus\Desktop\related work\Behavioral-Cloning--SelfDrivingCar-master\IMG\left_2018_11_08_16_34_18_732.jpg, C:\Users\asus\Desktop\related work\Behavioral-Cloning--SelfDrivingCar-master\IMG\right_2018_11_08_16_34_18_732.jpg, -0.1923009, 1, 0, 30.20016
C:\Users\asus\Desktop\related work\Behavioral-Cloning--SelfDrivingCar-master\IMG\center_2018_11_08_16_34_18_843.jpg, C:\Users\asus\Desktop\related work\Behavioral-Cloning--SelfDrivingCar-master\IMG\left_2018_11_08_16_34_18_843.jpg, C:\Users\asus\Desktop\related work\Behavioral-Cloning--SelfDrivingCar-master\IMG\right_2018_11_08_16_34_18_843.jpg, 0, 1, 0, 30.18143
C:\Users\asus\Desktop\related work\Behavioral-Cloning--SelfDrivingCar-master\IMG\center_2018_11_08_16_34_18_951.jpg, C:\Users\asus\Desktop\related work\Behavioral-Cloning--SelfDrivingCar-master\IMG\left_2018_11_08_16_34_18_951.jpg, C:\Users\asus\Desktop\related work\Behavioral-Cloning--SelfDrivingCar-master\IMG\right_2018_11_08_16_34_18_951.jpg, 0, 1, 0, 30.18608
C:\Users\asus\Desktop\related work\Behavioral-Cloning--SelfDrivingCar-master\IMG\center_2018_11_08_16_34_19_058.jpg, C:\Users\asus\Desktop\related work\Behavioral-Cloning--SelfDrivingCar-master\IMG\left_2018_11_08_16_34_19_058.jpg, C:\Users\asus\Desktop\related work\Behavioral-Cloning--SelfDrivingCar-master\IMG\right_2018_11_08_16_34_19_058.jpg, 0, 1, 0, 29.71681
C:\Users\asus\Desktop\related work\Behavioral-Cloning--SelfDrivingCar-master\IMG\center_2018_11_08_16_34_19_168.jpg, C:\Users\asus\Desktop\related work\Behavioral-Cloning--SelfDrivingCar-master\IMG\left_2018_11_08_16_34_19_168.jpg, C:\Users\asus\Desktop\related work\Behavioral-Cloning--SelfDrivingCar-master\IMG\right_2018_11_08_16_34_19_168.jpg, 0, 1, 0, 29.48191
C:\Users\asus\Desktop\related work\Behavioral-Cloning--SelfDrivingCar-master\IMG\center_2018_11_08_16_34_19_418.jpg, C:\Users\asus\Desktop\related work\Behavioral-Cloning--SelfDrivingCar-master\IMG\left_2018_11_08_16_34_19_418.jpg, C:\Users\asus\Desktop\related work\Behavioral-Cloning--SelfDrivingCar-master\IMG\right_2018_11_08_16_34_19_418.jpg, 0, 1, 0, 29.67529
C:\Users\asus\Desktop\related work\Behavioral-Cloning--SelfDrivingCar-master\IMG\center_2018_11_08_16_34_19_448.jpg, C:\Users\asus\Desktop\related work\Behavioral-Cloning--SelfDrivingCar-master\IMG\left_2018_11_08_16_34_19_448.jpg, C:\Users\asus\Desktop\related work\Behavioral-Cloning--SelfDrivingCar-master\IMG\right_2018_11_08_16_34_19_448.jpg, 0, 1, 0, 29.39508
C:\Users\asus\Desktop\related work\Behavioral-Cloning--SelfDrivingCar-master\IMG\center_2018_11_08_16_34_19_559.jpg, C:\Users\asus\Desktop\related work\Behavioral-Cloning--SelfDrivingCar-master\IMG\left_2018_11_08_16_34_19_559.jpg, C:\Users\asus\Desktop\related work\Behavioral-Cloning--SelfDrivingCar-master\IMG\right_2018_11_08_16_34_19_559.jpg, 0, 1, 0, 28.91333
C:\Users\asus\Desktop\related work\Behavioral-Cloning--SelfDrivingCar-master\IMG\center_2018_11_08_16_34_19_675.jpg, C:\Users\asus\Desktop\related work\Behavioral-Cloning--SelfDrivingCar-master\IMG\left_2018_11_08_16_34_19_675.jpg, C:\Users\asus\Desktop\related work\Behavioral-Cloning--SelfDrivingCar-master\IMG\right_2018_11_08_16_34_19_675.jpg, 0, 1, 0, 28.86555
C:\Users\asus\Desktop\related work\Behavioral-Cloning--SelfDrivingCar-master\IMG\center_2018_11_08_16_34_19_794.jpg, C:\Users\asus\Desktop\related work\Behavioral-Cloning--SelfDrivingCar-master\IMG\left_2018_11_08_16_34_19_794.jpg, C:\Users\asus\Desktop\related work\Behavioral-Cloning--SelfDrivingCar-master\IMG\right_2018_11_08_16_34_19_794.jpg, 0, 1, 0, 21.70662
C:\Users\asus\Desktop\related work\Behavioral-Cloning--SelfDrivingCar-master\IMG\center_2018_11_08_16_34_19_896.jpg, C:\Users\asus\Desktop\related work\Behavioral-Cloning--SelfDrivingCar-master\IMG\left_2018_11_08_16_34_19_896.jpg, C:\Users\asus\Desktop\related work\Behavioral-Cloning--SelfDrivingCar-master\IMG\right_2018_11_08_16_34_19_896.jpg, 0, 1, 0, 21.61734
C:\Users\asus\Desktop\related work\Behavioral-Cloning--SelfDrivingCar-master\IMG\center_2018_11_08_16_34_20_014.jpg, C:\Users\asus\Desktop\related work\Behavioral-Cloning--SelfDrivingCar-master\IMG\left_2018_11_08_16_34_20_014.jpg, C:\Users\asus\Desktop\related work\Behavioral-Cloning--SelfDrivingCar-master\IMG\right_2018_11_08_16_34_20_014.jpg, 0, 1, 0, 17.61239
C:\Users\asus\Desktop\related work\Behavioral-Cloning--SelfDrivingCar-master\IMG\center_2018_11_08_16_34_20_120.jpg, C:\Users\asus\Desktop\related work\Behavioral-Cloning--SelfDrivingCar-master\IMG\left_2018_11_08_16_34_20_120.jpg, C:\Users\asus\Desktop\related work\Behavioral-Cloning--SelfDrivingCar-master\IMG\right_2018_11_08_16_34_20_120.jpg, 0, 1, 0, 17.30912
C:\Users\asus\Desktop\related work\Behavioral-Cloning--SelfDrivingCar-master\IMG\center_2018_11_08_16_34_20_225.jpg, C:\Users\asus\Desktop\related work\Behavioral-Cloning--SelfDrivingCar-master\IMG\left_2018_11_08_16_34_20_225.jpg, C:\Users\asus\Desktop\related work\Behavioral-Cloning--SelfDrivingCar-master\IMG\right_2018_11_08_16_34_20_225.jpg, 0, 1, 0, 16.80783
C:\Users\asus\Desktop\related work\Behavioral-Cloning--SelfDrivingCar-master\IMG\center_2018_11_08_16_34_20_352.jpg, C:\Users\asus\Desktop\related work\Behavioral-Cloning--SelfDrivingCar-master\IMG\left_2018_11_08_16_34_20_352.jpg, C:\Users\asus\Desktop\related work\Behavioral-Cloning--SelfDrivingCar-master\IMG\right_2018_11_08_16_34_20_352.jpg, 0, 1, 0, 16.34271
C:\Users\asus\Desktop\related work\Behavioral-Cloning--SelfDrivingCar-master\IMG\center_2018_11_08_16_34_20_475.jpg, C:\Users\asus\Desktop\related work\Behavioral-Cloning--SelfDrivingCar-master\IMG\left_2018_11_08_16_34_20_475.jpg, C:\Users\asus\Desktop\related work\Behavioral-Cloning--SelfDrivingCar-master\IMG\right_2018_11_08_16_34_20_475.jpg, 0, 1, 0, 15.58157
C:\Users\asus\Desktop\related work\Behavioral-Cloning--SelfDrivingCar-master\IMG\center_2018_11_08_16_34_20_572.jpg, C:\Users\asus\Desktop\related work\Behavioral-Cloning--SelfDrivingCar-master\IMG\left_2018_11_08_16_34_20_572.jpg, C:\Users\asus\Desktop\related work\Behavioral-Cloning--SelfDrivingCar-master\IMG\right_2018_11_08_16_34_20_572.jpg, 0, 1, 0, 14.893
C:\Users\asus\Desktop\related work\Behavioral-Cloning--SelfDrivingCar-master\IMG\center_2018_11_08_16_34_20_694.jpg, C:\Users\asus\Desktop\related work\Behavioral-Cloning--SelfDrivingCar-master\IMG\left_2018_11_08_16_34_20_694.jpg, C:\Users\asus\Desktop\related work\Behavioral-Cloning--SelfDrivingCar-master\IMG\right_2018_11_08_16_34_20_694.jpg, 0, 1, 0, 15.14575
C:\Users\asus\Desktop\related work\Behavioral-Cloning--SelfDrivingCar-master\IMG\center_2018_11_08_16_34_20_798.jpg, C:\Users\asus\Desktop\related work\Behavioral-Cloning--SelfDrivingCar-master\IMG\left_2018_11_08_16_34_20_798.jpg, C:\Users\asus\Desktop\related work\Behavioral-Cloning--SelfDrivingCar-master\IMG\right_2018_11_08_16_34_20_798.jpg, 0, 1, 0, 14.75884
C:\Users\asus\Desktop\related work\Behavioral-Cloning--SelfDrivingCar-master\IMG\center_2018_11_08_16_34_20_904.jpg, C:\Users\asus\Desktop\related work\Behavioral-Cloning--SelfDrivingCar-master\IMG\left_2018_11_08_16_34_20_904.jpg, C:\Users\asus\Desktop\related work\Behavioral-Cloning--SelfDrivingCar-master\IMG\right_2018_11_08_16_34_20_904.jpg, 0, 1, 0, 14.74734
C:\Users\asus\Desktop\related work\Behavioral-Cloning--SelfDrivingCar-master\IMG\center_2018_11_08_16_34_21_015.jpg, C:\Users\asus\Desktop\related work\Behavioral-Cloning--SelfDrivingCar-master\IMG\left_2018_11_08_16_34_21_015.jpg, C:\Users\asus\Desktop\related work\Behavioral-Cloning--SelfDrivingCar-master\IMG\right_2018_11_08_16_34_21_015.jpg, 0, 1, 0, 15.10119
C:\Users\asus\Desktop\related work\Behavioral-Cloning--SelfDrivingCar-master\IMG\center_2018_11_08_16_34_21_124.jpg, C:\Users\asus\Desktop\related work\Behavioral-Cloning--SelfDrivingCar-master\IMG\left_2018_11_08_16_34_21_124.jpg, C:\Users\asus\Desktop\related work\Behavioral-Cloning--SelfDrivingCar-master\IMG\right_2018_11_08_16_34_21_124.jpg, 0, 1, 0, 14.92754
C:\Users\asus\Desktop\related work\Behavioral-Cloning--SelfDrivingCar-master\IMG\center_2018_11_08_16_34_21_231.jpg, C:\Users\asus\Desktop\related work\Behavioral-Cloning--SelfDrivingCar-master\IMG\left_2018_11_08_16_34_21_231.jpg, C:\Users\asus\Desktop\related work\Behavioral-Cloning--SelfDrivingCar-master\IMG\right_2018_11_08_16_34_21_231.jpg, 0, 1, 0, 15.22052
C:\Users\asus\Desktop\related work\Behavioral-Cloning--SelfDrivingCar-master\IMG\center_2018_11_08_16_34_21_354.jpg, C:\Users\asus\Desktop\related work\Behavioral-Cloning--SelfDrivingCar-master\IMG\left_2018_11_08_16_34_21_354.jpg, C:\Users\asus\Desktop\related work\Behavioral-Cloning--SelfDrivingCar-master\IMG\right_2018_11_08_16_34_21_354.jpg, 0, 1, 0, 15.24261
C:\Users\asus\Desktop\related work\Behavioral-Cloning--SelfDrivingCar-master\IMG\center_2018_11_08_16_34_21_447.jpg, C:\Users\asus\Desktop\related work\Behavioral-Cloning--SelfDrivingCar-master\IMG\left_2018_11_08_16_34_21_447.jpg, C:\Users\asus\Desktop\related work\Behavioral-Cloning--SelfDrivingCar-master\IMG\right_2018_11_08_16_34_21_447.jpg, 0, 1, 0, 15.50731
C:\Users\asus\Desktop\related work\Behavioral-Cloning--SelfDrivingCar-master\IMG\center_2018_11_08_16_34_21_552.jpg, C:\Users\asus\Desktop\related work\Behavioral-Cloning--SelfDrivingCar-master\IMG\left_2018_11_08_16_34_21_552.jpg, C:\Users\asus\Desktop\related work\Behavioral-Cloning--SelfDrivingCar-master\IMG\right_2018_11_08_16_34_21_552.jpg, 0, 1, 0, 15.57693
C:\Users\asus\Desktop\related work\Behavioral-Cloning--SelfDrivingCar-master\IMG\center_2018_11_08_16_34_21_671.jpg, C:\Users\asus\Desktop\related work\Behavioral-Cloning--SelfDrivingCar-master\IMG\left_2018_11_08_16_34_21_671.jpg, C:\Users\asus\Desktop\related work\Behavioral-Cloning--SelfDrivingCar-master\IMG\right_2018_11_08_16_34_21_671.jpg, 0, 1, 0, 16.00818
C:\Users\asus\Desktop\related work\Behavioral-Cloning--SelfDrivingCar-master\IMG\center_2018_11_08_16_34_21_781.jpg, C:\Users\asus\Desktop\related work\Behavioral-Cloning--SelfDrivingCar-master\IMG\left_2018_11_08_16_34_21_781.jpg, C:\Users\asus\Desktop\related work\Behavioral-Cloning--SelfDrivingCar-master\IMG\right_2018_11_08_16_34_21_781.jpg, 0, 1, 0, 15.81994
C:\Users\asus\Desktop\related work\Behavioral-Cloning--SelfDrivingCar-master\IMG\center_2018_11_08_16_34_21_891.jpg, C:\Users\asus\Desktop\related work\Behavioral-Cloning--SelfDrivingCar-master\IMG\left_2018_11_08_16_34_21_891.jpg, C:\Users\asus\Desktop\related work\Behavioral-Cloning--SelfDrivingCar-master\IMG\right_2018_11_08_16_34_21_891.jpg, 0, 1, 0, 15.03347
C:\Users\asus\Desktop\related work\Behavioral-Cloning--SelfDrivingCar-master\IMG\center_2018_11_08_16_34_21_982.jpg, C:\Users\asus\Desktop\related work\Behavioral-Cloning--SelfDrivingCar-master\IMG\left_2018_11_08_16_34_21_982.jpg, C:\Users\asus\Desktop\related work\Behavioral-Cloning--SelfDrivingCar-master\IMG\right_2018_11_08_16_34_21_982.jpg, 0, 1, 0, 15.13599
C:\Users\asus\Desktop\related work\Behavioral-Cloning--SelfDrivingCar-master\IMG\center_2018_11_08_16_34_22_088.jpg, C:\Users\asus\Desktop\related work\Behavioral-Cloning--SelfDrivingCar-master\IMG\left_2018_11_08_16_34_22_088.jpg, C:\Users\asus\Desktop\related work\Behavioral-Cloning--SelfDrivingCar-master\IMG\right_2018_11_08_16_34_22_088.jpg, 0, 1, 0, 14.60999
C:\Users\asus\Desktop\related work\Behavioral-Cloning--SelfDrivingCar-master\IMG\center_2018_11_08_16_34_22_201.jpg, C:\Users\asus\Desktop\related work\Behavioral-Cloning--SelfDrivingCar-master\IMG\left_2018_11_08_16_34_22_201.jpg, C:\Users\asus\Desktop\related work\Behavioral-Cloning--SelfDrivingCar-master\IMG\right_2018_11_08_16_34_22_201.jpg, 0, 1, 0, 14.31808
C:\Users\asus\Desktop\related work\Behavioral-Cloning--SelfDrivingCar-master\IMG\center_2018_11_08_16_34_22_306.jpg, C:\Users\asus\Desktop\related work\Behavioral-Cloning--SelfDrivingCar-master\IMG\left_2018_11_08_16_34_22_306.jpg, C:\Users\asus\Desktop\related work\Behavioral-Cloning--SelfDrivingCar-master\IMG\right_2018_11_08_16_34_22_306.jpg, 0, 1, 0, 14.43933
C:\Users\asus\Desktop\related work\Behavioral-Cloning--SelfDrivingCar-master\IMG\center_2018_11_08_16_34_22_411.jpg, C:\Users\asus\Desktop\related work\Behavioral-Cloning--SelfDrivingCar-master\IMG\left_2018_11_08_16_34_22_411.jpg, C:\Users\asus\Desktop\related work\Behavioral-Cloning--SelfDrivingCar-master\IMG\right_2018_11_08_16_34_22_411.jpg, 0, 1, 0, 14.38716
C:\Users\asus\Desktop\related work\Behavioral-Cloning--SelfDrivingCar-master\IMG\center_2018_11_08_16_34_22_514.jpg, C:\Users\asus\Desktop\related work\Behavioral-Cloning--SelfDrivingCar-master\IMG\left_2018_11_08_16_34_22_514.jpg, C:\Users\asus\Desktop\related work\Behavioral-Cloning--SelfDrivingCar-master\IMG\right_2018_11_08_16_34_22_514.jpg, 0, 1, 0, 14.85152
C:\Users\asus\Desktop\related work\Behavioral-Cloning--SelfDrivingCar-master\IMG\center_2018_11_08_16_34_22_629.jpg, C:\Users\asus\Desktop\related work\Behavioral-Cloning--SelfDrivingCar-master\IMG\left_2018_11_08_16_34_22_629.jpg, C:\Users\asus\Desktop\related work\Behavioral-Cloning--SelfDrivingCar-master\IMG\right_2018_11_08_16_34_22_629.jpg, 0, 1, 0, 15.22422
C:\Users\asus\Desktop\related work\Behavioral-Cloning--SelfDrivingCar-master\IMG\center_2018_11_08_16_34_22_732.jpg, C:\Users\asus\Desktop\related work\Behavioral-Cloning--SelfDrivingCar-master\IMG\left_2018_11_08_16_34_22_732.jpg, C:\Users\asus\Desktop\related work\Behavioral-Cloning--SelfDrivingCar-master\IMG\right_2018_11_08_16_34_22_732.jpg, 0, 1, 0, 15.8974
C:\Users\asus\Desktop\related work\Behavioral-Cloning--SelfDrivingCar-master\IMG\center_2018_11_08_16_34_22_862.jpg, C:\Users\asus\Desktop\related work\Behavioral-Cloning--SelfDrivingCar-master\IMG\left_2018_11_08_16_34_22_862.jpg, C:\Users\asus\Desktop\related work\Behavioral-Cloning--SelfDrivingCar-master\IMG\right_2018_11_08_16_34_22_862.jpg, 0, 1, 0, 16.56886
C:\Users\asus\Desktop\related work\Behavioral-Cloning--SelfDrivingCar-master\IMG\center_2018_11_08_16_34_22_967.jpg, C:\Users\asus\Desktop\related work\Behavioral-Cloning--SelfDrivingCar-master\IMG\left_2018_11_08_16_34_22_967.jpg, C:\Users\asus\Desktop\related work\Behavioral-Cloning--SelfDrivingCar-master\IMG\right_2018_11_08_16_34_22_967.jpg, 0, 1, 0, 17.55479
C:\Users\asus\Desktop\related work\Behavioral-Cloning--SelfDrivingCar-master\IMG\center_2018_11_08_16_34_23_073.jpg, C:\Users\asus\Desktop\related work\Behavioral-Cloning--SelfDrivingCar-master\IMG\left_2018_11_08_16_34_23_073.jpg, C:\Users\asus\Desktop\related work\Behavioral-Cloning--SelfDrivingCar-master\IMG\right_2018_11_08_16_34_23_073.jpg, 0, 1, 0, 18.75035
C:\Users\asus\Desktop\related work\Behavioral-Cloning--SelfDrivingCar-master\IMG\center_2018_11_08_16_34_23_179.jpg, C:\Users\asus\Desktop\related work\Behavioral-Cloning--SelfDrivingCar-master\IMG\left_2018_11_08_16_34_23_179.jpg, C:\Users\asus\Desktop\related work\Behavioral-Cloning--SelfDrivingCar-master\IMG\right_2018_11_08_16_34_23_179.jpg, 0, 1, 0, 19.58665
C:\Users\asus\Desktop\related work\Behavioral-Cloning--SelfDrivingCar-master\IMG\center_2018_11_08_16_34_23_282.jpg, C:\Users\asus\Desktop\related work\Behavioral-Cloning--SelfDrivingCar-master\IMG\left_2018_11_08_16_34_23_282.jpg, C:\Users\asus\Desktop\related work\Behavioral-Cloning--SelfDrivingCar-master\IMG\right_2018_11_08_16_34_23_282.jpg, 0, 1, 0, 21.10414
C:\Users\asus\Desktop\related work\Behavioral-Cloning--SelfDrivingCar-master\IMG\center_2018_11_08_16_34_23_391.jpg, C:\Users\asus\Desktop\related work\Behavioral-Cloning--SelfDrivingCar-master\IMG\left_2018_11_08_16_34_23_391.jpg, C:\Users\asus\Desktop\related work\Behavioral-Cloning--SelfDrivingCar-master\IMG\right_2018_11_08_16_34_23_391.jpg, 0, 1, 0, 22.70651
C:\Users\asus\Desktop\related work\Behavioral-Cloning--SelfDrivingCar-master\IMG\center_2018_11_08_16_34_23_505.jpg, C:\Users\asus\Desktop\related work\Behavioral-Cloning--SelfDrivingCar-master\IMG\left_2018_11_08_16_34_23_505.jpg, C:\Users\asus\Desktop\related work\Behavioral-Cloning--SelfDrivingCar-master\IMG\right_2018_11_08_16_34_23_505.jpg, 0, 1, 0, 24.03262
C:\Users\asus\Desktop\related work\Behavioral-Cloning--SelfDrivingCar-master\IMG\center_2018_11_08_16_34_23_628.jpg, C:\Users\asus\Desktop\related work\Behavioral-Cloning--SelfDrivingCar-master\IMG\left_2018_11_08_16_34_23_628.jpg, C:\Users\asus\Desktop\related work\Behavioral-Cloning--SelfDrivingCar-master\IMG\right_2018_11_08_16_34_23_628.jpg, 0, 1, 0, 25.28881
C:\Users\asus\Desktop\related work\Behavioral-Cloning--SelfDrivingCar-master\IMG\center_2018_11_08_16_34_23_737.jpg, C:\Users\asus\Desktop\related work\Behavioral-Cloning--SelfDrivingCar-master\IMG\left_2018_11_08_16_34_23_737.jpg, C:\Users\asus\Desktop\related work\Behavioral-Cloning--SelfDrivingCar-master\IMG\right_2018_11_08_16_34_23_737.jpg, 0, 1, 0, 25.88967
C:\Users\asus\Desktop\related work\Behavioral-Cloning--SelfDrivingCar-master\IMG\center_2018_11_08_16_34_23_848.jpg, C:\Users\asus\Desktop\related work\Behavioral-Cloning--SelfDrivingCar-master\IMG\left_2018_11_08_16_34_23_848.jpg, C:\Users\asus\Desktop\related work\Behavioral-Cloning--SelfDrivingCar-master\IMG\right_2018_11_08_16_34_23_848.jpg, 0, 1, 0, 26.85664
C:\Users\asus\Desktop\related work\Behavioral-Cloning--SelfDrivingCar-master\IMG\center_2018_11_08_16_34_23_956.jpg, C:\Users\asus\Desktop\related work\Behavioral-Cloning--SelfDrivingCar-master\IMG\left_2018_11_08_16_34_23_956.jpg, C:\Users\asus\Desktop\related work\Behavioral-Cloning--SelfDrivingCar-master\IMG\right_2018_11_08_16_34_23_956.jpg, 0, 1, 0, 27.75637
C:\Users\asus\Desktop\related work\Behavioral-Cloning--SelfDrivingCar-master\IMG\center_2018_11_08_16_34_24_055.jpg, C:\Users\asus\Desktop\related work\Behavioral-Cloning--SelfDrivingCar-master\IMG\left_2018_11_08_16_34_24_055.jpg, C:\Users\asus\Desktop\related work\Behavioral-Cloning--SelfDrivingCar-master\IMG\right_2018_11_08_16_34_24_055.jpg, 0, 1, 0, 28.75226
C:\Users\asus\Desktop\related work\Behavioral-Cloning--SelfDrivingCar-master\IMG\center_2018_11_08_16_34_24_161.jpg, C:\Users\asus\Desktop\related work\Behavioral-Cloning--SelfDrivingCar-master\IMG\left_2018_11_08_16_34_24_161.jpg, C:\Users\asus\Desktop\related work\Behavioral-Cloning--SelfDrivingCar-master\IMG\right_2018_11_08_16_34_24_161.jpg, 0, 1, 0, 30.36681
C:\Users\asus\Desktop\related work\Behavioral-Cloning--SelfDrivingCar-master\IMG\center_2018_11_08_16_34_24_296.jpg, C:\Users\asus\Desktop\related work\Behavioral-Cloning--SelfDrivingCar-master\IMG\left_2018_11_08_16_34_24_296.jpg, C:\Users\asus\Desktop\related work\Behavioral-Cloning--SelfDrivingCar-master\IMG\right_2018_11_08_16_34_24_296.jpg, 0, 1, 0, 29.14195
C:\Users\asus\Desktop\related work\Behavioral-Cloning--SelfDrivingCar-master\IMG\center_2018_11_08_16_34_24_410.jpg, C:\Users\asus\Desktop\related work\Behavioral-Cloning--SelfDrivingCar-master\IMG\left_2018_11_08_16_34_24_410.jpg, C:\Users\asus\Desktop\related work\Behavioral-Cloning--SelfDrivingCar-master\IMG\right_2018_11_08_16_34_24_410.jpg, 0, 1, 0, 28.16447
C:\Users\asus\Desktop\related work\Behavioral-Cloning--SelfDrivingCar-master\IMG\center_2018_11_08_16_34_24_533.jpg, C:\Users\asus\Desktop\related work\Behavioral-Cloning--SelfDrivingCar-master\IMG\left_2018_11_08_16_34_24_533.jpg, C:\Users\asus\Desktop\related work\Behavioral-Cloning--SelfDrivingCar-master\IMG\right_2018_11_08_16_34_24_533.jpg, 0, 1, 0, 28.62735
C:\Users\asus\Desktop\related work\Behavioral-Cloning--SelfDrivingCar-master\IMG\center_2018_11_08_16_34_24_642.jpg, C:\Users\asus\Desktop\related work\Behavioral-Cloning--SelfDrivingCar-master\IMG\left_2018_11_08_16_34_24_642.jpg, C:\Users\asus\Desktop\related work\Behavioral-Cloning--SelfDrivingCar-master\IMG\right_2018_11_08_16_34_24_642.jpg, 0, 1, 0, 29.86259
C:\Users\asus\Desktop\related work\Behavioral-Cloning--SelfDrivingCar-master\IMG\center_2018_11_08_16_34_24_748.jpg, C:\Users\asus\Desktop\related work\Behavioral-Cloning--SelfDrivingCar-master\IMG\left_2018_11_08_16_34_24_748.jpg, C:\Users\asus\Desktop\related work\Behavioral-Cloning--SelfDrivingCar-master\IMG\right_2018_11_08_16_34_24_748.jpg, 0, 1, 0, 30.22952
C:\Users\asus\Desktop\related work\Behavioral-Cloning--SelfDrivingCar-master\IMG\center_2018_11_08_16_34_24_848.jpg, C:\Users\asus\Desktop\related work\Behavioral-Cloning--SelfDrivingCar-master\IMG\left_2018_11_08_16_34_24_848.jpg, C:\Users\asus\Desktop\related work\Behavioral-Cloning--SelfDrivingCar-master\IMG\right_2018_11_08_16_34_24_848.jpg, 0, 1, 0, 30.1971
C:\Users\asus\Desktop\related work\Behavioral-Cloning--SelfDrivingCar-master\IMG\center_2018_11_08_16_34_24_967.jpg, C:\Users\asus\Desktop\related work\Behavioral-Cloning--SelfDrivingCar-master\IMG\left_2018_11_08_16_34_24_967.jpg, C:\Users\asus\Desktop\related work\Behavioral-Cloning--SelfDrivingCar-master\IMG\right_2018_11_08_16_34_24_967.jpg, 0, 1, 0, 30.14536
C:\Users\asus\Desktop\related work\Behavioral-Cloning--SelfDrivingCar-master\IMG\center_2018_11_08_16_34_25_070.jpg, C:\Users\asus\Desktop\related work\Behavioral-Cloning--SelfDrivingCar-master\IMG\left_2018_11_08_16_34_25_070.jpg, C:\Users\asus\Desktop\related work\Behavioral-Cloning--SelfDrivingCar-master\IMG\right_2018_11_08_16_34_25_070.jpg, 0, 1, 0, 30.15365
C:\Users\asus\Desktop\related work\Behavioral-Cloning--SelfDrivingCar-master\IMG\center_2018_11_08_16_34_25_187.jpg, C:\Users\asus\Desktop\related work\Behavioral-Cloning--SelfDrivingCar-master\IMG\left_2018_11_08_16_34_25_187.jpg, C:\Users\asus\Desktop\related work\Behavioral-Cloning--SelfDrivingCar-master\IMG\right_2018_11_08_16_34_25_187.jpg, 0, 1, 0, 30.28485
C:\Users\asus\Desktop\related work\Behavioral-Cloning--SelfDrivingCar-master\IMG\center_2018_11_08_16_34_25_310.jpg, C:\Users\asus\Desktop\related work\Behavioral-Cloning--SelfDrivingCar-master\IMG\left_2018_11_08_16_34_25_310.jpg, C:\Users\asus\Desktop\related work\Behavioral-Cloning--SelfDrivingCar-master\IMG\right_2018_11_08_16_34_25_310.jpg, 0, 1, 0, 30.22675
C:\Users\asus\Desktop\related work\Behavioral-Cloning--SelfDrivingCar-master\IMG\center_2018_11_08_16_34_25_417.jpg, C:\Users\asus\Desktop\related work\Behavioral-Cloning--SelfDrivingCar-master\IMG\left_2018_11_08_16_34_25_417.jpg, C:\Users\asus\Desktop\related work\Behavioral-Cloning--SelfDrivingCar-master\IMG\right_2018_11_08_16_34_25_417.jpg, 0, 1, 0, 30.21396
C:\Users\asus\Desktop\related work\Behavioral-Cloning--SelfDrivingCar-master\IMG\center_2018_11_08_16_34_25_520.jpg, C:\Users\asus\Desktop\related work\Behavioral-Cloning--SelfDrivingCar-master\IMG\left_2018_11_08_16_34_25_520.jpg, C:\Users\asus\Desktop\related work\Behavioral-Cloning--SelfDrivingCar-master\IMG\right_2018_11_08_16_34_25_520.jpg, 0, 1, 0, 30.12337
C:\Users\asus\Desktop\related work\Behavioral-Cloning--SelfDrivingCar-master\IMG\center_2018_11_08_16_34_25_628.jpg, C:\Users\asus\Desktop\related work\Behavioral-Cloning--SelfDrivingCar-master\IMG\left_2018_11_08_16_34_25_628.jpg, C:\Users\asus\Desktop\related work\Behavioral-Cloning--SelfDrivingCar-master\IMG\right_2018_11_08_16_34_25_628.jpg, 0, 1, 0, 30.06917
C:\Users\asus\Desktop\related work\Behavioral-Cloning--SelfDrivingCar-master\IMG\center_2018_11_08_16_34_25_741.jpg, C:\Users\asus\Desktop\related work\Behavioral-Cloning--SelfDrivingCar-master\IMG\left_2018_11_08_16_34_25_741.jpg, C:\Users\asus\Desktop\related work\Behavioral-Cloning--SelfDrivingCar-master\IMG\right_2018_11_08_16_34_25_741.jpg, 0, 1, 0, 30.30463
C:\Users\asus\Desktop\related work\Behavioral-Cloning--SelfDrivingCar-master\IMG\center_2018_11_08_16_34_25_842.jpg, C:\Users\asus\Desktop\related work\Behavioral-Cloning--SelfDrivingCar-master\IMG\left_2018_11_08_16_34_25_842.jpg, C:\Users\asus\Desktop\related work\Behavioral-Cloning--SelfDrivingCar-master\IMG\right_2018_11_08_16_34_25_842.jpg, 0, 1, 0, 29.32765
C:\Users\asus\Desktop\related work\Behavioral-Cloning--SelfDrivingCar-master\IMG\center_2018_11_08_16_34_25_944.jpg, C:\Users\asus\Desktop\related work\Behavioral-Cloning--SelfDrivingCar-master\IMG\left_2018_11_08_16_34_25_944.jpg, C:\Users\asus\Desktop\related work\Behavioral-Cloning--SelfDrivingCar-master\IMG\right_2018_11_08_16_34_25_944.jpg, 0, 1, 0, 28.79616
C:\Users\asus\Desktop\related work\Behavioral-Cloning--SelfDrivingCar-master\IMG\center_2018_11_08_16_34_26_055.jpg, C:\Users\asus\Desktop\related work\Behavioral-Cloning--SelfDrivingCar-master\IMG\left_2018_11_08_16_34_26_055.jpg, C:\Users\asus\Desktop\related work\Behavioral-Cloning--SelfDrivingCar-master\IMG\right_2018_11_08_16_34_26_055.jpg, 0, 1, 0, 28.56102
C:\Users\asus\Desktop\related work\Behavioral-Cloning--SelfDrivingCar-master\IMG\center_2018_11_08_16_34_26_160.jpg, C:\Users\asus\Desktop\related work\Behavioral-Cloning--SelfDrivingCar-master\IMG\left_2018_11_08_16_34_26_160.jpg, C:\Users\asus\Desktop\related work\Behavioral-Cloning--SelfDrivingCar-master\IMG\right_2018_11_08_16_34_26_160.jpg, 0, 1, 0, 28.78887
C:\Users\asus\Desktop\related work\Behavioral-Cloning--SelfDrivingCar-master\IMG\center_2018_11_08_16_34_26_260.jpg, C:\Users\asus\Desktop\related work\Behavioral-Cloning--SelfDrivingCar-master\IMG\left_2018_11_08_16_34_26_260.jpg, C:\Users\asus\Desktop\related work\Behavioral-Cloning--SelfDrivingCar-master\IMG\right_2018_11_08_16_34_26_260.jpg, 0, 1, 0, 29.18341
C:\Users\asus\Desktop\related work\Behavioral-Cloning--SelfDrivingCar-master\IMG\center_2018_11_08_16_34_26_367.jpg, C:\Users\asus\Desktop\related work\Behavioral-Cloning--SelfDrivingCar-master\IMG\left_2018_11_08_16_34_26_367.jpg, C:\Users\asus\Desktop\related work\Behavioral-Cloning--SelfDrivingCar-master\IMG\right_2018_11_08_16_34_26_367.jpg, 0, 1, 0, 29.8551
C:\Users\asus\Desktop\related work\Behavioral-Cloning--SelfDrivingCar-master\IMG\center_2018_11_08_16_34_26_481.jpg, C:\Users\asus\Desktop\related work\Behavioral-Cloning--SelfDrivingCar-master\IMG\left_2018_11_08_16_34_26_481.jpg, C:\Users\asus\Desktop\related work\Behavioral-Cloning--SelfDrivingCar-master\IMG\right_2018_11_08_16_34_26_481.jpg, 0, 1, 0, 30.15141
C:\Users\asus\Desktop\related work\Behavioral-Cloning--SelfDrivingCar-master\IMG\center_2018_11_08_16_34_26_584.jpg, C:\Users\asus\Desktop\related work\Behavioral-Cloning--SelfDrivingCar-master\IMG\left_2018_11_08_16_34_26_584.jpg, C:\Users\asus\Desktop\related work\Behavioral-Cloning--SelfDrivingCar-master\IMG\right_2018_11_08_16_34_26_584.jpg, 0, 1, 0, 30.17471
C:\Users\asus\Desktop\related work\Behavioral-Cloning--SelfDrivingCar-master\IMG\center_2018_11_08_16_34_26_688.jpg, C:\Users\asus\Desktop\related work\Behavioral-Cloning--SelfDrivingCar-master\IMG\left_2018_11_08_16_34_26_688.jpg, C:\Users\asus\Desktop\related work\Behavioral-Cloning--SelfDrivingCar-master\IMG\right_2018_11_08_16_34_26_688.jpg, 0, 1, 0, 30.19899
C:\Users\asus\Desktop\related work\Behavioral-Cloning--SelfDrivingCar-master\IMG\center_2018_11_08_16_34_26_789.jpg, C:\Users\asus\Desktop\related work\Behavioral-Cloning--SelfDrivingCar-master\IMG\left_2018_11_08_16_34_26_789.jpg, C:\Users\asus\Desktop\related work\Behavioral-Cloning--SelfDrivingCar-master\IMG\right_2018_11_08_16_34_26_789.jpg, 0, 1, 0, 30.21628
C:\Users\asus\Desktop\related work\Behavioral-Cloning--SelfDrivingCar-master\IMG\center_2018_11_08_16_34_26_898.jpg, C:\Users\asus\Desktop\related work\Behavioral-Cloning--SelfDrivingCar-master\IMG\left_2018_11_08_16_34_26_898.jpg, C:\Users\asus\Desktop\related work\Behavioral-Cloning--SelfDrivingCar-master\IMG\right_2018_11_08_16_34_26_898.jpg, 0, 1, 0, 24.55731
C:\Users\asus\Desktop\related work\Behavioral-Cloning--SelfDrivingCar-master\IMG\center_2018_11_08_16_34_27_010.jpg, C:\Users\asus\Desktop\related work\Behavioral-Cloning--SelfDrivingCar-master\IMG\left_2018_11_08_16_34_27_010.jpg, C:\Users\asus\Desktop\related work\Behavioral-Cloning--SelfDrivingCar-master\IMG\right_2018_11_08_16_34_27_010.jpg, 0, 1, 0, 25.08716
C:\Users\asus\Desktop\related work\Behavioral-Cloning--SelfDrivingCar-master\IMG\center_2018_11_08_16_34_27_120.jpg, C:\Users\asus\Desktop\related work\Behavioral-Cloning--SelfDrivingCar-master\IMG\left_2018_11_08_16_34_27_120.jpg, C:\Users\asus\Desktop\related work\Behavioral-Cloning--SelfDrivingCar-master\IMG\right_2018_11_08_16_34_27_120.jpg, 0, 1, 0, 25.84206
C:\Users\asus\Desktop\related work\Behavioral-Cloning--SelfDrivingCar-master\IMG\center_2018_11_08_16_34_27_228.jpg, C:\Users\asus\Desktop\related work\Behavioral-Cloning--SelfDrivingCar-master\IMG\left_2018_11_08_16_34_27_228.jpg, C:\Users\asus\Desktop\related work\Behavioral-Cloning--SelfDrivingCar-master\IMG\right_2018_11_08_16_34_27_228.jpg, 0, 0.6712749, 0, 27.21794
C:\Users\asus\Desktop\related work\Behavioral-Cloning--SelfDrivingCar-master\IMG\center_2018_11_08_16_34_27_334.jpg, C:\Users\asus\Desktop\related work\Behavioral-Cloning--SelfDrivingCar-master\IMG\left_2018_11_08_16_34_27_334.jpg, C:\Users\asus\Desktop\related work\Behavioral-Cloning--SelfDrivingCar-master\IMG\right_2018_11_08_16_34_27_334.jpg, 0, 0.37745, 0, 28.73064
C:\Users\asus\Desktop\related work\Behavioral-Cloning--SelfDrivingCar-master\IMG\center_2018_11_08_16_34_27_444.jpg, C:\Users\asus\Desktop\related work\Behavioral-Cloning--SelfDrivingCar-master\IMG\left_2018_11_08_16_34_27_444.jpg, C:\Users\asus\Desktop\related work\Behavioral-Cloning--SelfDrivingCar-master\IMG\right_2018_11_08_16_34_27_444.jpg, 0, 0.06185835, 0, 30.18274
C:\Users\asus\Desktop\related work\Behavioral-Cloning--SelfDrivingCar-master\IMG\center_2018_11_08_16_34_27_560.jpg, C:\Users\asus\Desktop\related work\Behavioral-Cloning--SelfDrivingCar-master\IMG\left_2018_11_08_16_34_27_560.jpg, C:\Users\asus\Desktop\related work\Behavioral-Cloning--SelfDrivingCar-master\IMG\right_2018_11_08_16_34_27_560.jpg, 0, 0, 0, 30.20195
C:\Users\asus\Desktop\related work\Behavioral-Cloning--SelfDrivingCar-master\IMG\center_2018_11_08_16_34_27_652.jpg, C:\Users\asus\Desktop\related work\Behavioral-Cloning--SelfDrivingCar-master\IMG\left_2018_11_08_16_34_27_652.jpg, C:\Users\asus\Desktop\related work\Behavioral-Cloning--SelfDrivingCar-master\IMG\right_2018_11_08_16_34_27_652.jpg, 0, 0, 0, 30.42021
C:\Users\asus\Desktop\related work\Behavioral-Cloning--SelfDrivingCar-master\IMG\center_2018_11_08_16_34_27_764.jpg, C:\Users\asus\Desktop\related work\Behavioral-Cloning--SelfDrivingCar-master\IMG\left_2018_11_08_16_34_27_764.jpg, C:\Users\asus\Desktop\related work\Behavioral-Cloning--SelfDrivingCar-master\IMG\right_2018_11_08_16_34_27_764.jpg, 0, 0, 0, 30.30534
C:\Users\asus\Desktop\related work\Behavioral-Cloning--SelfDrivingCar-master\IMG\center_2018_11_08_16_34_27_874.jpg, C:\Users\asus\Desktop\related work\Behavioral-Cloning--SelfDrivingCar-master\IMG\left_2018_11_08_16_34_27_874.jpg, C:\Users\asus\Desktop\related work\Behavioral-Cloning--SelfDrivingCar-master\IMG\right_2018_11_08_16_34_27_874.jpg, 0, 0, 0, 30.2923
C:\Users\asus\Desktop\related work\Behavioral-Cloning--SelfDrivingCar-master\IMG\center_2018_11_08_16_34_27_987.jpg, C:\Users\asus\Desktop\related work\Behavioral-Cloning--SelfDrivingCar-master\IMG\left_2018_11_08_16_34_27_987.jpg, C:\Users\asus\Desktop\related work\Behavioral-Cloning--SelfDrivingCar-master\IMG\right_2018_11_08_16_34_27_987.jpg, 0, 0, 0, 30.25357
C:\Users\asus\Desktop\related work\Behavioral-Cloning--SelfDrivingCar-master\IMG\center_2018_11_08_16_34_28_099.jpg, C:\Users\asus\Desktop\related work\Behavioral-Cloning--SelfDrivingCar-master\IMG\left_2018_11_08_16_34_28_099.jpg, C:\Users\asus\Desktop\related work\Behavioral-Cloning--SelfDrivingCar-master\IMG\right_2018_11_08_16_34_28_099.jpg, 0, 0, 0, 30.21613
C:\Users\asus\Desktop\related work\Behavioral-Cloning--SelfDrivingCar-master\IMG\center_2018_11_08_16_34_28_215.jpg, C:\Users\asus\Desktop\related work\Behavioral-Cloning--SelfDrivingCar-master\IMG\left_2018_11_08_16_34_28_215.jpg, C:\Users\asus\Desktop\related work\Behavioral-Cloning--SelfDrivingCar-master\IMG\right_2018_11_08_16_34_28_215.jpg, 0, 0, 0, 30.29185
C:\Users\asus\Desktop\related work\Behavioral-Cloning--SelfDrivingCar-master\IMG\center_2018_11_08_16_34_28_324.jpg, C:\Users\asus\Desktop\related work\Behavioral-Cloning--SelfDrivingCar-master\IMG\left_2018_11_08_16_34_28_324.jpg, C:\Users\asus\Desktop\related work\Behavioral-Cloning--SelfDrivingCar-master\IMG\right_2018_11_08_16_34_28_324.jpg, 0, 0, 0, 30.14391
C:\Users\asus\Desktop\related work\Behavioral-Cloning--SelfDrivingCar-master\IMG\center_2018_11_08_16_34_28_427.jpg, C:\Users\asus\Desktop\related work\Behavioral-Cloning--SelfDrivingCar-master\IMG\left_2018_11_08_16_34_28_427.jpg, C:\Users\asus\Desktop\related work\Behavioral-Cloning--SelfDrivingCar-master\IMG\right_2018_11_08_16_34_28_427.jpg, 0, 0, 0, 29.57835
C:\Users\asus\Desktop\related work\Behavioral-Cloning--SelfDrivingCar-master\IMG\center_2018_11_08_16_34_28_536.jpg, C:\Users\asus\Desktop\related work\Behavioral-Cloning--SelfDrivingCar-master\IMG\left_2018_11_08_16_34_28_536.jpg, C:\Users\asus\Desktop\related work\Behavioral-Cloning--SelfDrivingCar-master\IMG\right_2018_11_08_16_34_28_536.jpg, 0, 0, 0, 28.99935
C:\Users\asus\Desktop\related work\Behavioral-Cloning--SelfDrivingCar-master\IMG\center_2018_11_08_16_34_28_643.jpg, C:\Users\asus\Desktop\related work\Behavioral-Cloning--SelfDrivingCar-master\IMG\left_2018_11_08_16_34_28_643.jpg, C:\Users\asus\Desktop\related work\Behavioral-Cloning--SelfDrivingCar-master\IMG\right_2018_11_08_16_34_28_643.jpg, 0, 0, 0, 28.23434
C:\Users\asus\Desktop\related work\Behavioral-Cloning--SelfDrivingCar-master\IMG\center_2018_11_08_16_34_28_790.jpg, C:\Users\asus\Desktop\related work\Behavioral-Cloning--SelfDrivingCar-master\IMG\left_2018_11_08_16_34_28_790.jpg, C:\Users\asus\Desktop\related work\Behavioral-Cloning--SelfDrivingCar-master\IMG\right_2018_11_08_16_34_28_790.jpg, 0, 0, 0, 26.32794
C:\Users\asus\Desktop\related work\Behavioral-Cloning--SelfDrivingCar-master\IMG\center_2018_11_08_16_34_28_898.jpg, C:\Users\asus\Desktop\related work\Behavioral-Cloning--SelfDrivingCar-master\IMG\left_2018_11_08_16_34_28_898.jpg, C:\Users\asus\Desktop\related work\Behavioral-Cloning--SelfDrivingCar-master\IMG\right_2018_11_08_16_34_28_898.jpg, 0, 0.1464857, 0, 24.93154
C:\Users\asus\Desktop\related work\Behavioral-Cloning--SelfDrivingCar-master\IMG\center_2018_11_08_16_34_29_002.jpg, C:\Users\asus\Desktop\related work\Behavioral-Cloning--SelfDrivingCar-master\IMG\left_2018_11_08_16_34_29_002.jpg, C:\Users\asus\Desktop\related work\Behavioral-Cloning--SelfDrivingCar-master\IMG\right_2018_11_08_16_34_29_002.jpg, 0, 0.4526916, 0, 23.33249
C:\Users\asus\Desktop\related work\Behavioral-Cloning--SelfDrivingCar-master\IMG\center_2018_11_08_16_34_29_104.jpg, C:\Users\asus\Desktop\related work\Behavioral-Cloning--SelfDrivingCar-master\IMG\left_2018_11_08_16_34_29_104.jpg, C:\Users\asus\Desktop\related work\Behavioral-Cloning--SelfDrivingCar-master\IMG\right_2018_11_08_16_34_29_104.jpg, 0, 0.7568207, 0, 21.87828
C:\Users\asus\Desktop\related work\Behavioral-Cloning--SelfDrivingCar-master\IMG\center_2018_11_08_16_34_29_225.jpg, C:\Users\asus\Desktop\related work\Behavioral-Cloning--SelfDrivingCar-master\IMG\left_2018_11_08_16_34_29_225.jpg, C:\Users\asus\Desktop\related work\Behavioral-Cloning--SelfDrivingCar-master\IMG\right_2018_11_08_16_34_29_225.jpg, 0, 1, 0, 20.52412
C:\Users\asus\Desktop\related work\Behavioral-Cloning--SelfDrivingCar-master\IMG\center_2018_11_08_16_34_29_332.jpg, C:\Users\asus\Desktop\related work\Behavioral-Cloning--SelfDrivingCar-master\IMG\left_2018_11_08_16_34_29_332.jpg, C:\Users\asus\Desktop\related work\Behavioral-Cloning--SelfDrivingCar-master\IMG\right_2018_11_08_16_34_29_332.jpg, 0, 1, 0, 18.77219
C:\Users\asus\Desktop\related work\Behavioral-Cloning--SelfDrivingCar-master\IMG\center_2018_11_08_16_34_29_449.jpg, C:\Users\asus\Desktop\related work\Behavioral-Cloning--SelfDrivingCar-master\IMG\left_2018_11_08_16_34_29_449.jpg, C:\Users\asus\Desktop\related work\Behavioral-Cloning--SelfDrivingCar-master\IMG\right_2018_11_08_16_34_29_449.jpg, 0, 1, 0, 16.97821
C:\Users\asus\Desktop\related work\Behavioral-Cloning--SelfDrivingCar-master\IMG\center_2018_11_08_16_34_29_535.jpg, C:\Users\asus\Desktop\related work\Behavioral-Cloning--SelfDrivingCar-master\IMG\left_2018_11_08_16_34_29_535.jpg, C:\Users\asus\Desktop\related work\Behavioral-Cloning--SelfDrivingCar-master\IMG\right_2018_11_08_16_34_29_535.jpg, 0, 1, 0, 15.15392
C:\Users\asus\Desktop\related work\Behavioral-Cloning--SelfDrivingCar-master\IMG\center_2018_11_08_16_34_29_638.jpg, C:\Users\asus\Desktop\related work\Behavioral-Cloning--SelfDrivingCar-master\IMG\left_2018_11_08_16_34_29_638.jpg, C:\Users\asus\Desktop\related work\Behavioral-Cloning--SelfDrivingCar-master\IMG\right_2018_11_08_16_34_29_638.jpg, 0, 1, 0, 13.72117
C:\Users\asus\Desktop\related work\Behavioral-Cloning--SelfDrivingCar-master\IMG\center_2018_11_08_16_34_29_740.jpg, C:\Users\asus\Desktop\related work\Behavioral-Cloning--SelfDrivingCar-master\IMG\left_2018_11_08_16_34_29_740.jpg, C:\Users\asus\Desktop\related work\Behavioral-Cloning--SelfDrivingCar-master\IMG\right_2018_11_08_16_34_29_740.jpg, 0, 1, 0, 12.23758
C:\Users\asus\Desktop\related work\Behavioral-Cloning--SelfDrivingCar-master\IMG\center_2018_11_08_16_34_29_863.jpg, C:\Users\asus\Desktop\related work\Behavioral-Cloning--SelfDrivingCar-master\IMG\left_2018_11_08_16_34_29_863.jpg, C:\Users\asus\Desktop\related work\Behavioral-Cloning--SelfDrivingCar-master\IMG\right_2018_11_08_16_34_29_863.jpg, 0, 1, 0, 10.72374
C:\Users\asus\Desktop\related work\Behavioral-Cloning--SelfDrivingCar-master\IMG\center_2018_11_08_16_34_29_963.jpg, C:\Users\asus\Desktop\related work\Behavioral-Cloning--SelfDrivingCar-master\IMG\left_2018_11_08_16_34_29_963.jpg, C:\Users\asus\Desktop\related work\Behavioral-Cloning--SelfDrivingCar-master\IMG\right_2018_11_08_16_34_29_963.jpg, 0, 1, 0, 9.736837
C:\Users\asus\Desktop\related work\Behavioral-Cloning--SelfDrivingCar-master\IMG\center_2018_11_08_16_34_30_078.jpg, C:\Users\asus\Desktop\related work\Behavioral-Cloning--SelfDrivingCar-master\IMG\left_2018_11_08_16_34_30_078.jpg, C:\Users\asus\Desktop\related work\Behavioral-Cloning--SelfDrivingCar-master\IMG\right_2018_11_08_16_34_30_078.jpg, 0, 1, 0, 8.44562
C:\Users\asus\Desktop\related work\Behavioral-Cloning--SelfDrivingCar-master\IMG\center_2018_11_08_16_34_30_178.jpg, C:\Users\asus\Desktop\related work\Behavioral-Cloning--SelfDrivingCar-master\IMG\left_2018_11_08_16_34_30_178.jpg, C:\Users\asus\Desktop\related work\Behavioral-Cloning--SelfDrivingCar-master\IMG\right_2018_11_08_16_34_30_178.jpg, 0, 1, 0, 7.278661
C:\Users\asus\Desktop\related work\Behavioral-Cloning--SelfDrivingCar-master\IMG\center_2018_11_08_16_34_30_297.jpg, C:\Users\asus\Desktop\related work\Behavioral-Cloning--SelfDrivingCar-master\IMG\left_2018_11_08_16_34_30_297.jpg, C:\Users\asus\Desktop\related work\Behavioral-Cloning--SelfDrivingCar-master\IMG\right_2018_11_08_16_34_30_297.jpg, 0, 1, 0, 6.041817
C:\Users\asus\Desktop\related work\Behavioral-Cloning--SelfDrivingCar-master\IMG\center_2018_11_08_16_34_30_411.jpg, C:\Users\asus\Desktop\related work\Behavioral-Cloning--SelfDrivingCar-master\IMG\left_2018_11_08_16_34_30_411.jpg, C:\Users\asus\Desktop\related work\Behavioral-Cloning--SelfDrivingCar-master\IMG\right_2018_11_08_16_34_30_411.jpg, 0, 1, 0, 4.787332
C:\Users\asus\Desktop\related work\Behavioral-Cloning--SelfDrivingCar-master\IMG\center_2018_11_08_16_34_30_521.jpg, C:\Users\asus\Desktop\related work\Behavioral-Cloning--SelfDrivingCar-master\IMG\left_2018_11_08_16_34_30_521.jpg, C:\Users\asus\Desktop\related work\Behavioral-Cloning--SelfDrivingCar-master\IMG\right_2018_11_08_16_34_30_521.jpg, 0, 1, 0, 3.702476
C:\Users\asus\Desktop\related work\Behavioral-Cloning--SelfDrivingCar-master\IMG\center_2018_11_08_16_34_30_648.jpg, C:\Users\asus\Desktop\related work\Behavioral-Cloning--SelfDrivingCar-master\IMG\left_2018_11_08_16_34_30_648.jpg, C:\Users\asus\Desktop\related work\Behavioral-Cloning--SelfDrivingCar-master\IMG\right_2018_11_08_16_34_30_648.jpg, 0, 1, 0, 2.201037
C:\Users\asus\Desktop\related work\Behavioral-Cloning--SelfDrivingCar-master\IMG\center_2018_11_08_16_34_30_771.jpg, C:\Users\asus\Desktop\related work\Behavioral-Cloning--SelfDrivingCar-master\IMG\left_2018_11_08_16_34_30_771.jpg, C:\Users\asus\Desktop\related work\Behavioral-Cloning--SelfDrivingCar-master\IMG\right_2018_11_08_16_34_30_771.jpg, 0, 1, 0, 0.9138734
C:\Users\asus\Desktop\related work\Behavioral-Cloning--SelfDrivingCar-master\IMG\center_2018_11_08_16_34_30_882.jpg, C:\Users\asus\Desktop\related work\Behavioral-Cloning--SelfDrivingCar-master\IMG\left_2018_11_08_16_34_30_882.jpg, C:\Users\asus\Desktop\related work\Behavioral-Cloning--SelfDrivingCar-master\IMG\right_2018_11_08_16_34_30_882.jpg, 0, 1, 0, 0.2764619
C:\Users\asus\Desktop\related work\Behavioral-Cloning--SelfDrivingCar-master\IMG\center_2018_11_08_16_34_30_983.jpg, C:\Users\asus\Desktop\related work\Behavioral-Cloning--SelfDrivingCar-master\IMG\left_2018_11_08_16_34_30_983.jpg, C:\Users\asus\Desktop\related work\Behavioral-Cloning--SelfDrivingCar-master\IMG\right_2018_11_08_16_34_30_983.jpg, 0, 1, 0, 1.325453
C:\Users\asus\Desktop\related work\Behavioral-Cloning--SelfDrivingCar-master\IMG\center_2018_11_08_16_34_31_092.jpg, C:\Users\asus\Desktop\related work\Behavioral-Cloning--SelfDrivingCar-master\IMG\left_2018_11_08_16_34_31_092.jpg, C:\Users\asus\Desktop\related work\Behavioral-Cloning--SelfDrivingCar-master\IMG\right_2018_11_08_16_34_31_092.jpg, 0, 1, 0, 2.687318
C:\Users\asus\Desktop\related work\Behavioral-Cloning--SelfDrivingCar-master\IMG\center_2018_11_08_16_34_31_194.jpg, C:\Users\asus\Desktop\related work\Behavioral-Cloning--SelfDrivingCar-master\IMG\left_2018_11_08_16_34_31_194.jpg, C:\Users\asus\Desktop\related work\Behavioral-Cloning--SelfDrivingCar-master\IMG\right_2018_11_08_16_34_31_194.jpg, 0, 1, 0, 3.80035
C:\Users\asus\Desktop\related work\Behavioral-Cloning--SelfDrivingCar-master\IMG\center_2018_11_08_16_34_31_310.jpg, C:\Users\asus\Desktop\related work\Behavioral-Cloning--SelfDrivingCar-master\IMG\left_2018_11_08_16_34_31_310.jpg, C:\Users\asus\Desktop\related work\Behavioral-Cloning--SelfDrivingCar-master\IMG\right_2018_11_08_16_34_31_310.jpg, 0, 1, 0, 5.061458
C:\Users\asus\Desktop\related work\Behavioral-Cloning--SelfDrivingCar-master\IMG\center_2018_11_08_16_34_31_415.jpg, C:\Users\asus\Desktop\related work\Behavioral-Cloning--SelfDrivingCar-master\IMG\left_2018_11_08_16_34_31_415.jpg, C:\Users\asus\Desktop\related work\Behavioral-Cloning--SelfDrivingCar-master\IMG\right_2018_11_08_16_34_31_415.jpg, 0, 1, 0, 5.95332
C:\Users\asus\Desktop\related work\Behavioral-Cloning--SelfDrivingCar-master\IMG\center_2018_11_08_16_34_31_533.jpg, C:\Users\asus\Desktop\related work\Behavioral-Cloning--SelfDrivingCar-master\IMG\left_2018_11_08_16_34_31_533.jpg, C:\Users\asus\Desktop\related work\Behavioral-Cloning--SelfDrivingCar-master\IMG\right_2018_11_08_16_34_31_533.jpg, 0, 0.8530902, 0, 6.89558
C:\Users\asus\Desktop\related work\Behavioral-Cloning--SelfDrivingCar-master\IMG\center_2018_11_08_16_34_31_641.jpg, C:\Users\asus\Desktop\related work\Behavioral-Cloning--SelfDrivingCar-master\IMG\left_2018_11_08_16_34_31_641.jpg, C:\Users\asus\Desktop\related work\Behavioral-Cloning--SelfDrivingCar-master\IMG\right_2018_11_08_16_34_31_641.jpg, 0, 0.5511247, 0, 7.845259
C:\Users\asus\Desktop\related work\Behavioral-Cloning--SelfDrivingCar-master\IMG\center_2018_11_08_16_34_31_755.jpg, C:\Users\asus\Desktop\related work\Behavioral-Cloning--SelfDrivingCar-master\IMG\left_2018_11_08_16_34_31_755.jpg, C:\Users\asus\Desktop\related work\Behavioral-Cloning--SelfDrivingCar-master\IMG\right_2018_11_08_16_34_31_755.jpg, 0, 0.3504251, 0, 9.04459
C:\Users\asus\Desktop\related work\Behavioral-Cloning--SelfDrivingCar-master\IMG\center_2018_11_08_16_34_31_853.jpg, C:\Users\asus\Desktop\related work\Behavioral-Cloning--SelfDrivingCar-master\IMG\left_2018_11_08_16_34_31_853.jpg, C:\Users\asus\Desktop\related work\Behavioral-Cloning--SelfDrivingCar-master\IMG\right_2018_11_08_16_34_31_853.jpg, 0, 0.6519098, 0, 9.829123
C:\Users\asus\Desktop\related work\Behavioral-Cloning--SelfDrivingCar-master\IMG\center_2018_11_08_16_34_31_963.jpg, C:\Users\asus\Desktop\related work\Behavioral-Cloning--SelfDrivingCar-master\IMG\left_2018_11_08_16_34_31_963.jpg, C:\Users\asus\Desktop\related work\Behavioral-Cloning--SelfDrivingCar-master\IMG\right_2018_11_08_16_34_31_963.jpg, 0, 0.9984964, 0, 10.44913
C:\Users\asus\Desktop\related work\Behavioral-Cloning--SelfDrivingCar-master\IMG\center_2018_11_08_16_34_32_078.jpg, C:\Users\asus\Desktop\related work\Behavioral-Cloning--SelfDrivingCar-master\IMG\left_2018_11_08_16_34_32_078.jpg, C:\Users\asus\Desktop\related work\Behavioral-Cloning--SelfDrivingCar-master\IMG\right_2018_11_08_16_34_32_078.jpg, 0, 1, 0, 11.08024
C:\Users\asus\Desktop\related work\Behavioral-Cloning--SelfDrivingCar-master\IMG\center_2018_11_08_16_34_32_201.jpg, C:\Users\asus\Desktop\related work\Behavioral-Cloning--SelfDrivingCar-master\IMG\left_2018_11_08_16_34_32_201.jpg, C:\Users\asus\Desktop\related work\Behavioral-Cloning--SelfDrivingCar-master\IMG\right_2018_11_08_16_34_32_201.jpg, 0, 1, 0, 11.66367
C:\Users\asus\Desktop\related work\Behavioral-Cloning--SelfDrivingCar-master\IMG\center_2018_11_08_16_34_32_313.jpg, C:\Users\asus\Desktop\related work\Behavioral-Cloning--SelfDrivingCar-master\IMG\left_2018_11_08_16_34_32_313.jpg, C:\Users\asus\Desktop\related work\Behavioral-Cloning--SelfDrivingCar-master\IMG\right_2018_11_08_16_34_32_313.jpg, 0, 1, 0, 12.22729
C:\Users\asus\Desktop\related work\Behavioral-Cloning--SelfDrivingCar-master\IMG\center_2018_11_08_16_34_32_413.jpg, C:\Users\asus\Desktop\related work\Behavioral-Cloning--SelfDrivingCar-master\IMG\left_2018_11_08_16_34_32_413.jpg, C:\Users\asus\Desktop\related work\Behavioral-Cloning--SelfDrivingCar-master\IMG\right_2018_11_08_16_34_32_413.jpg, 0, 1, 0, 12.88546
C:\Users\asus\Desktop\related work\Behavioral-Cloning--SelfDrivingCar-master\IMG\center_2018_11_08_16_34_32_513.jpg, C:\Users\asus\Desktop\related work\Behavioral-Cloning--SelfDrivingCar-master\IMG\left_2018_11_08_16_34_32_513.jpg, C:\Users\asus\Desktop\related work\Behavioral-Cloning--SelfDrivingCar-master\IMG\right_2018_11_08_16_34_32_513.jpg, 0, 1, 0, 13.45044
C:\Users\asus\Desktop\related work\Behavioral-Cloning--SelfDrivingCar-master\IMG\center_2018_11_08_16_34_32_621.jpg, C:\Users\asus\Desktop\related work\Behavioral-Cloning--SelfDrivingCar-master\IMG\left_2018_11_08_16_34_32_621.jpg, C:\Users\asus\Desktop\related work\Behavioral-Cloning--SelfDrivingCar-master\IMG\right_2018_11_08_16_34_32_621.jpg, 0, 1, 0, 14.0137
C:\Users\asus\Desktop\related work\Behavioral-Cloning--SelfDrivingCar-master\IMG\center_2018_11_08_16_34_32_742.jpg, C:\Users\asus\Desktop\related work\Behavioral-Cloning--SelfDrivingCar-master\IMG\left_2018_11_08_16_34_32_742.jpg, C:\Users\asus\Desktop\related work\Behavioral-Cloning--SelfDrivingCar-master\IMG\right_2018_11_08_16_34_32_742.jpg, 0, 1, 0, 14.71712
C:\Users\asus\Desktop\related work\Behavioral-Cloning--SelfDrivingCar-master\IMG\center_2018_11_08_16_34_32_867.jpg, C:\Users\asus\Desktop\related work\Behavioral-Cloning--SelfDrivingCar-master\IMG\left_2018_11_08_16_34_32_867.jpg, C:\Users\asus\Desktop\related work\Behavioral-Cloning--SelfDrivingCar-master\IMG\right_2018_11_08_16_34_32_867.jpg, 0, 1, 0, 15.39578
C:\Users\asus\Desktop\related work\Behavioral-Cloning--SelfDrivingCar-master\IMG\center_2018_11_08_16_34_32_978.jpg, C:\Users\asus\Desktop\related work\Behavioral-Cloning--SelfDrivingCar-master\IMG\left_2018_11_08_16_34_32_978.jpg, C:\Users\asus\Desktop\related work\Behavioral-Cloning--SelfDrivingCar-master\IMG\right_2018_11_08_16_34_32_978.jpg, 0, 1, 0, 15.78318
C:\Users\asus\Desktop\related work\Behavioral-Cloning--SelfDrivingCar-master\IMG\center_2018_11_08_16_34_33_104.jpg, C:\Users\asus\Desktop\related work\Behavioral-Cloning--SelfDrivingCar-master\IMG\left_2018_11_08_16_34_33_104.jpg, C:\Users\asus\Desktop\related work\Behavioral-Cloning--SelfDrivingCar-master\IMG\right_2018_11_08_16_34_33_104.jpg, 0, 1, 0, 15.75181
C:\Users\asus\Desktop\related work\Behavioral-Cloning--SelfDrivingCar-master\IMG\center_2018_11_08_16_34_33_223.jpg, C:\Users\asus\Desktop\related work\Behavioral-Cloning--SelfDrivingCar-master\IMG\left_2018_11_08_16_34_33_223.jpg, C:\Users\asus\Desktop\related work\Behavioral-Cloning--SelfDrivingCar-master\IMG\right_2018_11_08_16_34_33_223.jpg, 0, 1, 0, 4.58567
C:\Users\asus\Desktop\related work\Behavioral-Cloning--SelfDrivingCar-master\IMG\center_2018_11_08_16_34_33_334.jpg, C:\Users\asus\Desktop\related work\Behavioral-Cloning--SelfDrivingCar-master\IMG\left_2018_11_08_16_34_33_334.jpg, C:\Users\asus\Desktop\related work\Behavioral-Cloning--SelfDrivingCar-master\IMG\right_2018_11_08_16_34_33_334.jpg, 0, 0.6679051, 0, 2.269604
C:\Users\asus\Desktop\related work\Behavioral-Cloning--SelfDrivingCar-master\IMG\center_2018_11_08_16_34_33_456.jpg, C:\Users\asus\Desktop\related work\Behavioral-Cloning--SelfDrivingCar-master\IMG\left_2018_11_08_16_34_33_456.jpg, C:\Users\asus\Desktop\related work\Behavioral-Cloning--SelfDrivingCar-master\IMG\right_2018_11_08_16_34_33_456.jpg, 0, 0.3206924, 0, 1.8693
C:\Users\asus\Desktop\related work\Behavioral-Cloning--SelfDrivingCar-master\IMG\center_2018_11_08_16_34_33_569.jpg, C:\Users\asus\Desktop\related work\Behavioral-Cloning--SelfDrivingCar-master\IMG\left_2018_11_08_16_34_33_569.jpg, C:\Users\asus\Desktop\related work\Behavioral-Cloning--SelfDrivingCar-master\IMG\right_2018_11_08_16_34_33_569.jpg, 0, 0.6481484, 0, 1.313604
C:\Users\asus\Desktop\related work\Behavioral-Cloning--SelfDrivingCar-master\IMG\center_2018_11_08_16_34_33_680.jpg, C:\Users\asus\Desktop\related work\Behavioral-Cloning--SelfDrivingCar-master\IMG\left_2018_11_08_16_34_33_680.jpg, C:\Users\asus\Desktop\related work\Behavioral-Cloning--SelfDrivingCar-master\IMG\right_2018_11_08_16_34_33_680.jpg, 0, 0.9898, 0, 0.545286
C:\Users\asus\Desktop\related work\Behavioral-Cloning--SelfDrivingCar-master\IMG\center_2018_11_08_16_34_33_779.jpg, C:\Users\asus\Desktop\related work\Behavioral-Cloning--SelfDrivingCar-master\IMG\left_2018_11_08_16_34_33_779.jpg, C:\Users\asus\Desktop\related work\Behavioral-Cloning--SelfDrivingCar-master\IMG\right_2018_11_08_16_34_33_779.jpg, 0, 1, 0, 0.2943977
C:\Users\asus\Desktop\related work\Behavioral-Cloning--SelfDrivingCar-master\IMG\center_2018_11_08_16_34_33_908.jpg, C:\Users\asus\Desktop\related work\Behavioral-Cloning--SelfDrivingCar-master\IMG\left_2018_11_08_16_34_33_908.jpg, C:\Users\asus\Desktop\related work\Behavioral-Cloning--SelfDrivingCar-master\IMG\right_2018_11_08_16_34_33_908.jpg, 0, 1, 0, 0.2687821
C:\Users\asus\Desktop\related work\Behavioral-Cloning--SelfDrivingCar-master\IMG\center_2018_11_08_16_34_34_022.jpg, C:\Users\asus\Desktop\related work\Behavioral-Cloning--SelfDrivingCar-master\IMG\left_2018_11_08_16_34_34_022.jpg, C:\Users\asus\Desktop\related work\Behavioral-Cloning--SelfDrivingCar-master\IMG\right_2018_11_08_16_34_34_022.jpg, 0, 1, 0, 0.2151442
C:\Users\asus\Desktop\related work\Behavioral-Cloning--SelfDrivingCar-master\IMG\center_2018_11_08_16_34_34_130.jpg, C:\Users\asus\Desktop\related work\Behavioral-Cloning--SelfDrivingCar-master\IMG\left_2018_11_08_16_34_34_130.jpg, C:\Users\asus\Desktop\related work\Behavioral-Cloning--SelfDrivingCar-master\IMG\right_2018_11_08_16_34_34_130.jpg, 0, 1, 0, 0.1770883
C:\Users\asus\Desktop\related work\Behavioral-Cloning--SelfDrivingCar-master\IMG\center_2018_11_08_16_34_34_233.jpg, C:\Users\asus\Desktop\related work\Behavioral-Cloning--SelfDrivingCar-master\IMG\left_2018_11_08_16_34_34_233.jpg, C:\Users\asus\Desktop\related work\Behavioral-Cloning--SelfDrivingCar-master\IMG\right_2018_11_08_16_34_34_233.jpg, 0, 1, 0, 0.1446613
C:\Users\asus\Desktop\related work\Behavioral-Cloning--SelfDrivingCar-master\IMG\center_2018_11_08_16_34_34_343.jpg, C:\Users\asus\Desktop\related work\Behavioral-Cloning--SelfDrivingCar-master\IMG\left_2018_11_08_16_34_34_343.jpg, C:\Users\asus\Desktop\related work\Behavioral-Cloning--SelfDrivingCar-master\IMG\right_2018_11_08_16_34_34_343.jpg, 0, 1, 0, 0.1597395
C:\Users\asus\Desktop\related work\Behavioral-Cloning--SelfDrivingCar-master\IMG\center_2018_11_08_16_34_34_460.jpg, C:\Users\asus\Desktop\related work\Behavioral-Cloning--SelfDrivingCar-master\IMG\left_2018_11_08_16_34_34_460.jpg, C:\Users\asus\Desktop\related work\Behavioral-Cloning--SelfDrivingCar-master\IMG\right_2018_11_08_16_34_34_460.jpg, 0, 0.9134141, 0, 0.1610198
C:\Users\asus\Desktop\related work\Behavioral-Cloning--SelfDrivingCar-master\IMG\center_2018_11_08_16_34_34_563.jpg, C:\Users\asus\Desktop\related work\Behavioral-Cloning--SelfDrivingCar-master\IMG\left_2018_11_08_16_34_34_563.jpg, C:\Users\asus\Desktop\related work\Behavioral-Cloning--SelfDrivingCar-master\IMG\right_2018_11_08_16_34_34_563.jpg, 0, 0.6175484, 0, 0.1536031
C:\Users\asus\Desktop\related work\Behavioral-Cloning--SelfDrivingCar-master\IMG\center_2018_11_08_16_34_34_677.jpg, C:\Users\asus\Desktop\related work\Behavioral-Cloning--SelfDrivingCar-master\IMG\left_2018_11_08_16_34_34_677.jpg, C:\Users\asus\Desktop\related work\Behavioral-Cloning--SelfDrivingCar-master\IMG\right_2018_11_08_16_34_34_677.jpg, 0, 0.2553616, 0, 0.2102614
C:\Users\asus\Desktop\related work\Behavioral-Cloning--SelfDrivingCar-master\IMG\center_2018_11_08_16_34_34_780.jpg, C:\Users\asus\Desktop\related work\Behavioral-Cloning--SelfDrivingCar-master\IMG\left_2018_11_08_16_34_34_780.jpg, C:\Users\asus\Desktop\related work\Behavioral-Cloning--SelfDrivingCar-master\IMG\right_2018_11_08_16_34_34_780.jpg, 0, 0, 0, 0.2528006
C:\Users\asus\Desktop\related work\Behavioral-Cloning--SelfDrivingCar-master\IMG\center_2018_11_08_16_34_34_907.jpg, C:\Users\asus\Desktop\related work\Behavioral-Cloning--SelfDrivingCar-master\IMG\left_2018_11_08_16_34_34_907.jpg, C:\Users\asus\Desktop\related work\Behavioral-Cloning--SelfDrivingCar-master\IMG\right_2018_11_08_16_34_34_907.jpg, 0, 0, 0, 0.2733876
C:\Users\asus\Desktop\related work\Behavioral-Cloning--SelfDrivingCar-master\IMG\center_2018_11_08_16_34_35_014.jpg, C:\Users\asus\Desktop\related work\Behavioral-Cloning--SelfDrivingCar-master\IMG\left_2018_11_08_16_34_35_014.jpg, C:\Users\asus\Desktop\related work\Behavioral-Cloning--SelfDrivingCar-master\IMG\right_2018_11_08_16_34_35_014.jpg, 0, 0, 0, 0.2525273
C:\Users\asus\Desktop\related work\Behavioral-Cloning--SelfDrivingCar-master\IMG\center_2018_11_08_16_34_35_114.jpg, C:\Users\asus\Desktop\related work\Behavioral-Cloning--SelfDrivingCar-master\IMG\left_2018_11_08_16_34_35_114.jpg, C:\Users\asus\Desktop\related work\Behavioral-Cloning--SelfDrivingCar-master\IMG\right_2018_11_08_16_34_35_114.jpg, 0, 0, 0, 0.2006925
C:\Users\asus\Desktop\related work\Behavioral-Cloning--SelfDrivingCar-master\IMG\center_2018_11_08_16_34_35_220.jpg, C:\Users\asus\Desktop\related work\Behavioral-Cloning--SelfDrivingCar-master\IMG\left_2018_11_08_16_34_35_220.jpg, C:\Users\asus\Desktop\related work\Behavioral-Cloning--SelfDrivingCar-master\IMG\right_2018_11_08_16_34_35_220.jpg, 0, 0, 0, 0.1911004
C:\Users\asus\Desktop\related work\Behavioral-Cloning--SelfDrivingCar-master\IMG\center_2018_11_08_16_34_35_323.jpg, C:\Users\asus\Desktop\related work\Behavioral-Cloning--SelfDrivingCar-master\IMG\left_2018_11_08_16_34_35_323.jpg, C:\Users\asus\Desktop\related work\Behavioral-Cloning--SelfDrivingCar-master\IMG\right_2018_11_08_16_34_35_323.jpg, 0, 0, 0, 0.1874572
C:\Users\asus\Desktop\related work\Behavioral-Cloning--SelfDrivingCar-master\IMG\center_2018_11_08_16_34_35_436.jpg, C:\Users\asus\Desktop\related work\Behavioral-Cloning--SelfDrivingCar-master\IMG\left_2018_11_08_16_34_35_436.jpg, C:\Users\asus\Desktop\related work\Behavioral-Cloning--SelfDrivingCar-master\IMG\right_2018_11_08_16_34_35_436.jpg, 0, 0, 0, 0.1896492
C:\Users\asus\Desktop\related work\Behavioral-Cloning--SelfDrivingCar-master\IMG\center_2018_11_08_16_34_35_548.jpg, C:\Users\asus\Desktop\related work\Behavioral-Cloning--SelfDrivingCar-master\IMG\left_2018_11_08_16_34_35_548.jpg, C:\Users\asus\Desktop\related work\Behavioral-Cloning--SelfDrivingCar-master\IMG\right_2018_11_08_16_34_35_548.jpg, 0, 0, 0, 0.1902161
C:\Users\asus\Desktop\related work\Behavioral-Cloning--SelfDrivingCar-master\IMG\center_2018_11_08_16_34_35_674.jpg, C:\Users\asus\Desktop\related work\Behavioral-Cloning--SelfDrivingCar-master\IMG\left_2018_11_08_16_34_35_674.jpg, C:\Users\asus\Desktop\related work\Behavioral-Cloning--SelfDrivingCar-master\IMG\right_2018_11_08_16_34_35_674.jpg, 0, 0, 0, 0.1906158
C:\Users\asus\Desktop\related work\Behavioral-Cloning--SelfDrivingCar-master\IMG\center_2018_11_08_16_34_35_788.jpg, C:\Users\asus\Desktop\related work\Behavioral-Cloning--SelfDrivingCar-master\IMG\left_2018_11_08_16_34_35_788.jpg, C:\Users\asus\Desktop\related work\Behavioral-Cloning--SelfDrivingCar-master\IMG\right_2018_11_08_16_34_35_788.jpg, 0, 0, 0, 0.05708566
C:\Users\asus\Desktop\related work\Behavioral-Cloning--SelfDrivingCar-master\IMG\center_2018_11_08_16_34_35_890.jpg, C:\Users\asus\Desktop\related work\Behavioral-Cloning--SelfDrivingCar-master\IMG\left_2018_11_08_16_34_35_890.jpg, C:\Users\asus\Desktop\related work\Behavioral-Cloning--SelfDrivingCar-master\IMG\right_2018_11_08_16_34_35_890.jpg, 0, 0, 0, 0.0870778
C:\Users\asus\Desktop\related work\Behavioral-Cloning--SelfDrivingCar-master\IMG\center_2018_11_08_16_34_35_993.jpg, C:\Users\asus\Desktop\related work\Behavioral-Cloning--SelfDrivingCar-master\IMG\left_2018_11_08_16_34_35_993.jpg, C:\Users\asus\Desktop\related work\Behavioral-Cloning--SelfDrivingCar-master\IMG\right_2018_11_08_16_34_35_993.jpg, 0, 0, 0, 0.07029878
C:\Users\asus\Desktop\related work\Behavioral-Cloning--SelfDrivingCar-master\IMG\center_2018_11_08_16_34_36_100.jpg, C:\Users\asus\Desktop\related work\Behavioral-Cloning--SelfDrivingCar-master\IMG\left_2018_11_08_16_34_36_100.jpg, C:\Users\asus\Desktop\related work\Behavioral-Cloning--SelfDrivingCar-master\IMG\right_2018_11_08_16_34_36_100.jpg, 0, 0, 0, 0.04515722
C:\Users\asus\Desktop\related work\Behavioral-Cloning--SelfDrivingCar-master\IMG\center_2018_11_08_16_34_36_211.jpg, C:\Users\asus\Desktop\related work\Behavioral-Cloning--SelfDrivingCar-master\IMG\left_2018_11_08_16_34_36_211.jpg, C:\Users\asus\Desktop\related work\Behavioral-Cloning--SelfDrivingCar-master\IMG\right_2018_11_08_16_34_36_211.jpg, 0, 0, 0, 0.02218008
C:\Users\asus\Desktop\related work\Behavioral-Cloning--SelfDrivingCar-master\IMG\center_2018_11_08_16_34_36_329.jpg, C:\Users\asus\Desktop\related work\Behavioral-Cloning--SelfDrivingCar-master\IMG\left_2018_11_08_16_34_36_329.jpg, C:\Users\asus\Desktop\related work\Behavioral-Cloning--SelfDrivingCar-master\IMG\right_2018_11_08_16_34_36_329.jpg, 0, 0, 0, 0.01258852
C:\Users\asus\Desktop\related work\Behavioral-Cloning--SelfDrivingCar-master\IMG\center_2018_11_08_16_34_36_435.jpg, C:\Users\asus\Desktop\related work\Behavioral-Cloning--SelfDrivingCar-master\IMG\left_2018_11_08_16_34_36_435.jpg, C:\Users\asus\Desktop\related work\Behavioral-Cloning--SelfDrivingCar-master\IMG\right_2018_11_08_16_34_36_435.jpg, 0, 0, 0, 0.01158179
C:\Users\asus\Desktop\related work\Behavioral-Cloning--SelfDrivingCar-master\IMG\center_2018_11_08_16_34_36_532.jpg, C:\Users\asus\Desktop\related work\Behavioral-Cloning--SelfDrivingCar-master\IMG\left_2018_11_08_16_34_36_532.jpg, C:\Users\asus\Desktop\related work\Behavioral-Cloning--SelfDrivingCar-master\IMG\right_2018_11_08_16_34_36_532.jpg, 0, 0, 0, 0.009299128
C:\Users\asus\Desktop\related work\Behavioral-Cloning--SelfDrivingCar-master\IMG\center_2018_11_08_16_34_36_643.jpg, C:\Users\asus\Desktop\related work\Behavioral-Cloning--SelfDrivingCar-master\IMG\left_2018_11_08_16_34_36_643.jpg, C:\Users\asus\Desktop\related work\Behavioral-Cloning--SelfDrivingCar-master\IMG\right_2018_11_08_16_34_36_643.jpg, 0, 0, 0, 0.008457787
C:\Users\asus\Desktop\related work\Behavioral-Cloning--SelfDrivingCar-master\IMG\center_2018_11_08_16_34_36_750.jpg, C:\Users\asus\Desktop\related work\Behavioral-Cloning--SelfDrivingCar-master\IMG\left_2018_11_08_16_34_36_750.jpg, C:\Users\asus\Desktop\related work\Behavioral-Cloning--SelfDrivingCar-master\IMG\right_2018_11_08_16_34_36_750.jpg, 0, 0, 0, 0.007922072
C:\Users\asus\Desktop\related work\Behavioral-Cloning--SelfDrivingCar-master\IMG\center_2018_11_08_16_34_36_866.jpg, C:\Users\asus\Desktop\related work\Behavioral-Cloning--SelfDrivingCar-master\IMG\left_2018_11_08_16_34_36_866.jpg, C:\Users\asus\Desktop\related work\Behavioral-Cloning--SelfDrivingCar-master\IMG\right_2018_11_08_16_34_36_866.jpg, 0, 0, 0, 0.008881608
