C:\Users\asus\Desktop\related work\Behavioral-Cloning--SelfDrivingCar-master\IMG\IMG\center_2018_11_09_15_03_42_056.jpg, C:\Users\asus\Desktop\related work\Behavioral-Cloning--SelfDrivingCar-master\IMG\IMG\left_2018_11_09_15_03_42_056.jpg, C:\Users\asus\Desktop\related work\Behavioral-Cloning--SelfDrivingCar-master\IMG\IMG\right_2018_11_09_15_03_42_056.jpg, 0, 0, 0, 7.873384E-05
C:\Users\asus\Desktop\related work\Behavioral-Cloning--SelfDrivingCar-master\IMG\IMG\center_2018_11_09_15_03_42_159.jpg, C:\Users\asus\Desktop\related work\Behavioral-Cloning--SelfDrivingCar-master\IMG\IMG\left_2018_11_09_15_03_42_159.jpg, C:\Users\asus\Desktop\related work\Behavioral-Cloning--SelfDrivingCar-master\IMG\IMG\right_2018_11_09_15_03_42_159.jpg, 0, 0, 0, 7.927769E-05
C:\Users\asus\Desktop\related work\Behavioral-Cloning--SelfDrivingCar-master\IMG\IMG\center_2018_11_09_15_03_42_266.jpg, C:\Users\asus\Desktop\related work\Behavioral-Cloning--SelfDrivingCar-master\IMG\IMG\left_2018_11_09_15_03_42_266.jpg, C:\Users\asus\Desktop\related work\Behavioral-Cloning--SelfDrivingCar-master\IMG\IMG\right_2018_11_09_15_03_42_266.jpg, 0, 0, 0, 7.800651E-05
C:\Users\asus\Desktop\related work\Behavioral-Cloning--SelfDrivingCar-master\IMG\IMG\center_2018_11_09_15_03_42_376.jpg, C:\Users\asus\Desktop\related work\Behavioral-Cloning--SelfDrivingCar-master\IMG\IMG\left_2018_11_09_15_03_42_376.jpg, C:\Users\asus\Desktop\related work\Behavioral-Cloning--SelfDrivingCar-master\IMG\IMG\right_2018_11_09_15_03_42_376.jpg, 0, 0, 0, 7.881661E-05
C:\Users\asus\Desktop\related work\Behavioral-Cloning--SelfDrivingCar-master\IMG\IMG\center_2018_11_09_15_03_42_479.jpg, C:\Users\asus\Desktop\related work\Behavioral-Cloning--SelfDrivingCar-master\IMG\IMG\left_2018_11_09_15_03_42_479.jpg, C:\Users\asus\Desktop\related work\Behavioral-Cloning--SelfDrivingCar-master\IMG\IMG\right_2018_11_09_15_03_42_479.jpg, 0, 0, 0, 7.876992E-05
C:\Users\asus\Desktop\related work\Behavioral-Cloning--SelfDrivingCar-master\IMG\IMG\center_2018_11_09_15_03_42_585.jpg, C:\Users\asus\Desktop\related work\Behavioral-Cloning--SelfDrivingCar-master\IMG\IMG\left_2018_11_09_15_03_42_585.jpg, C:\Users\asus\Desktop\related work\Behavioral-Cloning--SelfDrivingCar-master\IMG\IMG\right_2018_11_09_15_03_42_585.jpg, 0, 0, 0, 7.947811E-05
C:\Users\asus\Desktop\related work\Behavioral-Cloning--SelfDrivingCar-master\IMG\IMG\center_2018_11_09_15_03_42_693.jpg, C:\Users\asus\Desktop\related work\Behavioral-Cloning--SelfDrivingCar-master\IMG\IMG\left_2018_11_09_15_03_42_693.jpg, C:\Users\asus\Desktop\related work\Behavioral-Cloning--SelfDrivingCar-master\IMG\IMG\right_2018_11_09_15_03_42_693.jpg, 0, 0, 0, 7.982841E-05
C:\Users\asus\Desktop\related work\Behavioral-Cloning--SelfDrivingCar-master\IMG\IMG\center_2018_11_09_15_03_42_804.jpg, C:\Users\asus\Desktop\related work\Behavioral-Cloning--SelfDrivingCar-master\IMG\IMG\left_2018_11_09_15_03_42_804.jpg, C:\Users\asus\Desktop\related work\Behavioral-Cloning--SelfDrivingCar-master\IMG\IMG\right_2018_11_09_15_03_42_804.jpg, 0, 0, 0, 7.973193E-05
C:\Users\asus\Desktop\related work\Behavioral-Cloning--SelfDrivingCar-master\IMG\IMG\center_2018_11_09_15_03_42_918.jpg, C:\Users\asus\Desktop\related work\Behavioral-Cloning--SelfDrivingCar-master\IMG\IMG\left_2018_11_09_15_03_42_918.jpg, C:\Users\asus\Desktop\related work\Behavioral-Cloning--SelfDrivingCar-master\IMG\IMG\right_2018_11_09_15_03_42_918.jpg, 0, 0, 0, 8.086353E-05
C:\Users\asus\Desktop\related work\Behavioral-Cloning--SelfDrivingCar-master\IMG\IMG\center_2018_11_09_15_03_43_025.jpg, C:\Users\asus\Desktop\related work\Behavioral-Cloning--SelfDrivingCar-master\IMG\IMG\left_2018_11_09_15_03_43_025.jpg, C:\Users\asus\Desktop\related work\Behavioral-Cloning--SelfDrivingCar-master\IMG\IMG\right_2018_11_09_15_03_43_025.jpg, 0, 0, 0, 7.829904E-05
C:\Users\asus\Desktop\related work\Behavioral-Cloning--SelfDrivingCar-master\IMG\IMG\center_2018_11_09_15_03_43_135.jpg, C:\Users\asus\Desktop\related work\Behavioral-Cloning--SelfDrivingCar-master\IMG\IMG\left_2018_11_09_15_03_43_135.jpg, C:\Users\asus\Desktop\related work\Behavioral-Cloning--SelfDrivingCar-master\IMG\IMG\right_2018_11_09_15_03_43_135.jpg, 0, 0, 0, 7.827659E-05
C:\Users\asus\Desktop\related work\Behavioral-Cloning--SelfDrivingCar-master\IMG\IMG\center_2018_11_09_15_03_43_259.jpg, C:\Users\asus\Desktop\related work\Behavioral-Cloning--SelfDrivingCar-master\IMG\IMG\left_2018_11_09_15_03_43_259.jpg, C:\Users\asus\Desktop\related work\Behavioral-Cloning--SelfDrivingCar-master\IMG\IMG\right_2018_11_09_15_03_43_259.jpg, 0, 0, 0, 7.789149E-05
C:\Users\asus\Desktop\related work\Behavioral-Cloning--SelfDrivingCar-master\IMG\IMG\center_2018_11_09_15_03_43_360.jpg, C:\Users\asus\Desktop\related work\Behavioral-Cloning--SelfDrivingCar-master\IMG\IMG\left_2018_11_09_15_03_43_360.jpg, C:\Users\asus\Desktop\related work\Behavioral-Cloning--SelfDrivingCar-master\IMG\IMG\right_2018_11_09_15_03_43_360.jpg, 0, 0, 0, 7.909352E-05
C:\Users\asus\Desktop\related work\Behavioral-Cloning--SelfDrivingCar-master\IMG\IMG\center_2018_11_09_15_03_43_469.jpg, C:\Users\asus\Desktop\related work\Behavioral-Cloning--SelfDrivingCar-master\IMG\IMG\left_2018_11_09_15_03_43_469.jpg, C:\Users\asus\Desktop\related work\Behavioral-Cloning--SelfDrivingCar-master\IMG\IMG\right_2018_11_09_15_03_43_469.jpg, 0, 0, 0, 7.809305E-05
C:\Users\asus\Desktop\related work\Behavioral-Cloning--SelfDrivingCar-master\IMG\IMG\center_2018_11_09_15_03_43_580.jpg, C:\Users\asus\Desktop\related work\Behavioral-Cloning--SelfDrivingCar-master\IMG\IMG\left_2018_11_09_15_03_43_580.jpg, C:\Users\asus\Desktop\related work\Behavioral-Cloning--SelfDrivingCar-master\IMG\IMG\right_2018_11_09_15_03_43_580.jpg, 0, 0, 0, 7.946872E-05
C:\Users\asus\Desktop\related work\Behavioral-Cloning--SelfDrivingCar-master\IMG\IMG\center_2018_11_09_15_03_43_681.jpg, C:\Users\asus\Desktop\related work\Behavioral-Cloning--SelfDrivingCar-master\IMG\IMG\left_2018_11_09_15_03_43_681.jpg, C:\Users\asus\Desktop\related work\Behavioral-Cloning--SelfDrivingCar-master\IMG\IMG\right_2018_11_09_15_03_43_681.jpg, 0, 0, 0, 7.809259E-05
C:\Users\asus\Desktop\related work\Behavioral-Cloning--SelfDrivingCar-master\IMG\IMG\center_2018_11_09_15_03_43_786.jpg, C:\Users\asus\Desktop\related work\Behavioral-Cloning--SelfDrivingCar-master\IMG\IMG\left_2018_11_09_15_03_43_786.jpg, C:\Users\asus\Desktop\related work\Behavioral-Cloning--SelfDrivingCar-master\IMG\IMG\right_2018_11_09_15_03_43_786.jpg, 0, 0, 0, 7.917084E-05
C:\Users\asus\Desktop\related work\Behavioral-Cloning--SelfDrivingCar-master\IMG\IMG\center_2018_11_09_15_03_43_887.jpg, C:\Users\asus\Desktop\related work\Behavioral-Cloning--SelfDrivingCar-master\IMG\IMG\left_2018_11_09_15_03_43_887.jpg, C:\Users\asus\Desktop\related work\Behavioral-Cloning--SelfDrivingCar-master\IMG\IMG\right_2018_11_09_15_03_43_887.jpg, 0, 0, 0, 7.833047E-05
C:\Users\asus\Desktop\related work\Behavioral-Cloning--SelfDrivingCar-master\IMG\IMG\center_2018_11_09_15_03_43_992.jpg, C:\Users\asus\Desktop\related work\Behavioral-Cloning--SelfDrivingCar-master\IMG\IMG\left_2018_11_09_15_03_43_992.jpg, C:\Users\asus\Desktop\related work\Behavioral-Cloning--SelfDrivingCar-master\IMG\IMG\right_2018_11_09_15_03_43_992.jpg, 0, 0, 0, 7.825473E-05
C:\Users\asus\Desktop\related work\Behavioral-Cloning--SelfDrivingCar-master\IMG\IMG\center_2018_11_09_15_03_44_094.jpg, C:\Users\asus\Desktop\related work\Behavioral-Cloning--SelfDrivingCar-master\IMG\IMG\left_2018_11_09_15_03_44_094.jpg, C:\Users\asus\Desktop\related work\Behavioral-Cloning--SelfDrivingCar-master\IMG\IMG\right_2018_11_09_15_03_44_094.jpg, 0, 0, 0, 7.845024E-05
C:\Users\asus\Desktop\related work\Behavioral-Cloning--SelfDrivingCar-master\IMG\IMG\center_2018_11_09_15_03_44_201.jpg, C:\Users\asus\Desktop\related work\Behavioral-Cloning--SelfDrivingCar-master\IMG\IMG\left_2018_11_09_15_03_44_201.jpg, C:\Users\asus\Desktop\related work\Behavioral-Cloning--SelfDrivingCar-master\IMG\IMG\right_2018_11_09_15_03_44_201.jpg, 0, 0, 0, 7.813299E-05
C:\Users\asus\Desktop\related work\Behavioral-Cloning--SelfDrivingCar-master\IMG\IMG\center_2018_11_09_15_03_44_327.jpg, C:\Users\asus\Desktop\related work\Behavioral-Cloning--SelfDrivingCar-master\IMG\IMG\left_2018_11_09_15_03_44_327.jpg, C:\Users\asus\Desktop\related work\Behavioral-Cloning--SelfDrivingCar-master\IMG\IMG\right_2018_11_09_15_03_44_327.jpg, 0, 0, 0, 8.078817E-05
C:\Users\asus\Desktop\related work\Behavioral-Cloning--SelfDrivingCar-master\IMG\IMG\center_2018_11_09_15_03_44_431.jpg, C:\Users\asus\Desktop\related work\Behavioral-Cloning--SelfDrivingCar-master\IMG\IMG\left_2018_11_09_15_03_44_431.jpg, C:\Users\asus\Desktop\related work\Behavioral-Cloning--SelfDrivingCar-master\IMG\IMG\right_2018_11_09_15_03_44_431.jpg, 0, 0, 0, 7.937402E-05
C:\Users\asus\Desktop\related work\Behavioral-Cloning--SelfDrivingCar-master\IMG\IMG\center_2018_11_09_15_03_44_536.jpg, C:\Users\asus\Desktop\related work\Behavioral-Cloning--SelfDrivingCar-master\IMG\IMG\left_2018_11_09_15_03_44_536.jpg, C:\Users\asus\Desktop\related work\Behavioral-Cloning--SelfDrivingCar-master\IMG\IMG\right_2018_11_09_15_03_44_536.jpg, 0, 0, 0, 7.831962E-05
C:\Users\asus\Desktop\related work\Behavioral-Cloning--SelfDrivingCar-master\IMG\IMG\center_2018_11_09_15_03_44_641.jpg, C:\Users\asus\Desktop\related work\Behavioral-Cloning--SelfDrivingCar-master\IMG\IMG\left_2018_11_09_15_03_44_641.jpg, C:\Users\asus\Desktop\related work\Behavioral-Cloning--SelfDrivingCar-master\IMG\IMG\right_2018_11_09_15_03_44_641.jpg, 0, 0, 0, 7.83307E-05
C:\Users\asus\Desktop\related work\Behavioral-Cloning--SelfDrivingCar-master\IMG\IMG\center_2018_11_09_15_03_44_744.jpg, C:\Users\asus\Desktop\related work\Behavioral-Cloning--SelfDrivingCar-master\IMG\IMG\left_2018_11_09_15_03_44_744.jpg, C:\Users\asus\Desktop\related work\Behavioral-Cloning--SelfDrivingCar-master\IMG\IMG\right_2018_11_09_15_03_44_744.jpg, 0, 0, 0, 7.976411E-05
C:\Users\asus\Desktop\related work\Behavioral-Cloning--SelfDrivingCar-master\IMG\IMG\center_2018_11_09_15_03_44_848.jpg, C:\Users\asus\Desktop\related work\Behavioral-Cloning--SelfDrivingCar-master\IMG\IMG\left_2018_11_09_15_03_44_848.jpg, C:\Users\asus\Desktop\related work\Behavioral-Cloning--SelfDrivingCar-master\IMG\IMG\right_2018_11_09_15_03_44_848.jpg, 0, 0, 0, 7.795609E-05
C:\Users\asus\Desktop\related work\Behavioral-Cloning--SelfDrivingCar-master\IMG\IMG\center_2018_11_09_15_03_44_954.jpg, C:\Users\asus\Desktop\related work\Behavioral-Cloning--SelfDrivingCar-master\IMG\IMG\left_2018_11_09_15_03_44_954.jpg, C:\Users\asus\Desktop\related work\Behavioral-Cloning--SelfDrivingCar-master\IMG\IMG\right_2018_11_09_15_03_44_954.jpg, 0, 0, 0, 8.047342E-05
C:\Users\asus\Desktop\related work\Behavioral-Cloning--SelfDrivingCar-master\IMG\IMG\center_2018_11_09_15_03_45_061.jpg, C:\Users\asus\Desktop\related work\Behavioral-Cloning--SelfDrivingCar-master\IMG\IMG\left_2018_11_09_15_03_45_061.jpg, C:\Users\asus\Desktop\related work\Behavioral-Cloning--SelfDrivingCar-master\IMG\IMG\right_2018_11_09_15_03_45_061.jpg, 0, 0, 0, 7.840809E-05
C:\Users\asus\Desktop\related work\Behavioral-Cloning--SelfDrivingCar-master\IMG\IMG\center_2018_11_09_15_03_45_171.jpg, C:\Users\asus\Desktop\related work\Behavioral-Cloning--SelfDrivingCar-master\IMG\IMG\left_2018_11_09_15_03_45_171.jpg, C:\Users\asus\Desktop\related work\Behavioral-Cloning--SelfDrivingCar-master\IMG\IMG\right_2018_11_09_15_03_45_171.jpg, 0, 0, 0, 8.501067E-05
C:\Users\asus\Desktop\related work\Behavioral-Cloning--SelfDrivingCar-master\IMG\IMG\center_2018_11_09_15_03_45_277.jpg, C:\Users\asus\Desktop\related work\Behavioral-Cloning--SelfDrivingCar-master\IMG\IMG\left_2018_11_09_15_03_45_277.jpg, C:\Users\asus\Desktop\related work\Behavioral-Cloning--SelfDrivingCar-master\IMG\IMG\right_2018_11_09_15_03_45_277.jpg, 0, 0, 0, 7.828043E-05
C:\Users\asus\Desktop\related work\Behavioral-Cloning--SelfDrivingCar-master\IMG\IMG\center_2018_11_09_15_03_45_388.jpg, C:\Users\asus\Desktop\related work\Behavioral-Cloning--SelfDrivingCar-master\IMG\IMG\left_2018_11_09_15_03_45_388.jpg, C:\Users\asus\Desktop\related work\Behavioral-Cloning--SelfDrivingCar-master\IMG\IMG\right_2018_11_09_15_03_45_388.jpg, 0, 0, 0, 8.095644E-05
C:\Users\asus\Desktop\related work\Behavioral-Cloning--SelfDrivingCar-master\IMG\IMG\center_2018_11_09_15_03_45_511.jpg, C:\Users\asus\Desktop\related work\Behavioral-Cloning--SelfDrivingCar-master\IMG\IMG\left_2018_11_09_15_03_45_511.jpg, C:\Users\asus\Desktop\related work\Behavioral-Cloning--SelfDrivingCar-master\IMG\IMG\right_2018_11_09_15_03_45_511.jpg, 0, 0, 0, 8.203436E-05
C:\Users\asus\Desktop\related work\Behavioral-Cloning--SelfDrivingCar-master\IMG\IMG\center_2018_11_09_15_03_45_614.jpg, C:\Users\asus\Desktop\related work\Behavioral-Cloning--SelfDrivingCar-master\IMG\IMG\left_2018_11_09_15_03_45_614.jpg, C:\Users\asus\Desktop\related work\Behavioral-Cloning--SelfDrivingCar-master\IMG\IMG\right_2018_11_09_15_03_45_614.jpg, 0, 0, 0, 7.941932E-05
C:\Users\asus\Desktop\related work\Behavioral-Cloning--SelfDrivingCar-master\IMG\IMG\center_2018_11_09_15_03_45_716.jpg, C:\Users\asus\Desktop\related work\Behavioral-Cloning--SelfDrivingCar-master\IMG\IMG\left_2018_11_09_15_03_45_716.jpg, C:\Users\asus\Desktop\related work\Behavioral-Cloning--SelfDrivingCar-master\IMG\IMG\right_2018_11_09_15_03_45_716.jpg, 0, 0, 0, 7.818137E-05
C:\Users\asus\Desktop\related work\Behavioral-Cloning--SelfDrivingCar-master\IMG\IMG\center_2018_11_09_15_03_45_820.jpg, C:\Users\asus\Desktop\related work\Behavioral-Cloning--SelfDrivingCar-master\IMG\IMG\left_2018_11_09_15_03_45_820.jpg, C:\Users\asus\Desktop\related work\Behavioral-Cloning--SelfDrivingCar-master\IMG\IMG\right_2018_11_09_15_03_45_820.jpg, 0, 0, 0, 7.82203E-05
C:\Users\asus\Desktop\related work\Behavioral-Cloning--SelfDrivingCar-master\IMG\IMG\center_2018_11_09_15_03_45_921.jpg, C:\Users\asus\Desktop\related work\Behavioral-Cloning--SelfDrivingCar-master\IMG\IMG\left_2018_11_09_15_03_45_921.jpg, C:\Users\asus\Desktop\related work\Behavioral-Cloning--SelfDrivingCar-master\IMG\IMG\right_2018_11_09_15_03_45_921.jpg, 0, 0, 0, 7.841756E-05
C:\Users\asus\Desktop\related work\Behavioral-Cloning--SelfDrivingCar-master\IMG\IMG\center_2018_11_09_15_03_46_039.jpg, C:\Users\asus\Desktop\related work\Behavioral-Cloning--SelfDrivingCar-master\IMG\IMG\left_2018_11_09_15_03_46_039.jpg, C:\Users\asus\Desktop\related work\Behavioral-Cloning--SelfDrivingCar-master\IMG\IMG\right_2018_11_09_15_03_46_039.jpg, 0, 0, 0, 8.145663E-05
C:\Users\asus\Desktop\related work\Behavioral-Cloning--SelfDrivingCar-master\IMG\IMG\center_2018_11_09_15_03_46_148.jpg, C:\Users\asus\Desktop\related work\Behavioral-Cloning--SelfDrivingCar-master\IMG\IMG\left_2018_11_09_15_03_46_148.jpg, C:\Users\asus\Desktop\related work\Behavioral-Cloning--SelfDrivingCar-master\IMG\IMG\right_2018_11_09_15_03_46_148.jpg, 0, 0, 0, 8.212202E-05
C:\Users\asus\Desktop\related work\Behavioral-Cloning--SelfDrivingCar-master\IMG\IMG\center_2018_11_09_15_03_46_252.jpg, C:\Users\asus\Desktop\related work\Behavioral-Cloning--SelfDrivingCar-master\IMG\IMG\left_2018_11_09_15_03_46_252.jpg, C:\Users\asus\Desktop\related work\Behavioral-Cloning--SelfDrivingCar-master\IMG\IMG\right_2018_11_09_15_03_46_252.jpg, 0, 0, 0, 8.298281E-05
C:\Users\asus\Desktop\related work\Behavioral-Cloning--SelfDrivingCar-master\IMG\IMG\center_2018_11_09_15_03_46_364.jpg, C:\Users\asus\Desktop\related work\Behavioral-Cloning--SelfDrivingCar-master\IMG\IMG\left_2018_11_09_15_03_46_364.jpg, C:\Users\asus\Desktop\related work\Behavioral-Cloning--SelfDrivingCar-master\IMG\IMG\right_2018_11_09_15_03_46_364.jpg, 0, 0, 0, 8.118869E-05
C:\Users\asus\Desktop\related work\Behavioral-Cloning--SelfDrivingCar-master\IMG\IMG\center_2018_11_09_15_03_46_470.jpg, C:\Users\asus\Desktop\related work\Behavioral-Cloning--SelfDrivingCar-master\IMG\IMG\left_2018_11_09_15_03_46_470.jpg, C:\Users\asus\Desktop\related work\Behavioral-Cloning--SelfDrivingCar-master\IMG\IMG\right_2018_11_09_15_03_46_470.jpg, 0, 0, 0, 7.862965E-05
C:\Users\asus\Desktop\related work\Behavioral-Cloning--SelfDrivingCar-master\IMG\IMG\center_2018_11_09_15_03_46_593.jpg, C:\Users\asus\Desktop\related work\Behavioral-Cloning--SelfDrivingCar-master\IMG\IMG\left_2018_11_09_15_03_46_593.jpg, C:\Users\asus\Desktop\related work\Behavioral-Cloning--SelfDrivingCar-master\IMG\IMG\right_2018_11_09_15_03_46_593.jpg, 0, 0, 0, 7.756263E-05
C:\Users\asus\Desktop\related work\Behavioral-Cloning--SelfDrivingCar-master\IMG\IMG\center_2018_11_09_15_03_46_697.jpg, C:\Users\asus\Desktop\related work\Behavioral-Cloning--SelfDrivingCar-master\IMG\IMG\left_2018_11_09_15_03_46_697.jpg, C:\Users\asus\Desktop\related work\Behavioral-Cloning--SelfDrivingCar-master\IMG\IMG\right_2018_11_09_15_03_46_697.jpg, 0, 0, 0, 7.978799E-05
C:\Users\asus\Desktop\related work\Behavioral-Cloning--SelfDrivingCar-master\IMG\IMG\center_2018_11_09_15_03_46_813.jpg, C:\Users\asus\Desktop\related work\Behavioral-Cloning--SelfDrivingCar-master\IMG\IMG\left_2018_11_09_15_03_46_813.jpg, C:\Users\asus\Desktop\related work\Behavioral-Cloning--SelfDrivingCar-master\IMG\IMG\right_2018_11_09_15_03_46_813.jpg, 0, 0, 0, 8.353548E-05
C:\Users\asus\Desktop\related work\Behavioral-Cloning--SelfDrivingCar-master\IMG\IMG\center_2018_11_09_15_03_46_926.jpg, C:\Users\asus\Desktop\related work\Behavioral-Cloning--SelfDrivingCar-master\IMG\IMG\left_2018_11_09_15_03_46_926.jpg, C:\Users\asus\Desktop\related work\Behavioral-Cloning--SelfDrivingCar-master\IMG\IMG\right_2018_11_09_15_03_46_926.jpg, 0, 0, 0, 7.881717E-05
C:\Users\asus\Desktop\related work\Behavioral-Cloning--SelfDrivingCar-master\IMG\IMG\center_2018_11_09_15_03_47_055.jpg, C:\Users\asus\Desktop\related work\Behavioral-Cloning--SelfDrivingCar-master\IMG\IMG\left_2018_11_09_15_03_47_055.jpg, C:\Users\asus\Desktop\related work\Behavioral-Cloning--SelfDrivingCar-master\IMG\IMG\right_2018_11_09_15_03_47_055.jpg, 0, 0, 0, 8.084068E-05
C:\Users\asus\Desktop\related work\Behavioral-Cloning--SelfDrivingCar-master\IMG\IMG\center_2018_11_09_15_03_47_188.jpg, C:\Users\asus\Desktop\related work\Behavioral-Cloning--SelfDrivingCar-master\IMG\IMG\left_2018_11_09_15_03_47_188.jpg, C:\Users\asus\Desktop\related work\Behavioral-Cloning--SelfDrivingCar-master\IMG\IMG\right_2018_11_09_15_03_47_188.jpg, 0, 0, 0, 7.893259E-05
C:\Users\asus\Desktop\related work\Behavioral-Cloning--SelfDrivingCar-master\IMG\IMG\center_2018_11_09_15_03_47_299.jpg, C:\Users\asus\Desktop\related work\Behavioral-Cloning--SelfDrivingCar-master\IMG\IMG\left_2018_11_09_15_03_47_299.jpg, C:\Users\asus\Desktop\related work\Behavioral-Cloning--SelfDrivingCar-master\IMG\IMG\right_2018_11_09_15_03_47_299.jpg, 0, 0, 0, 7.937951E-05
C:\Users\asus\Desktop\related work\Behavioral-Cloning--SelfDrivingCar-master\IMG\IMG\center_2018_11_09_15_03_47_441.jpg, C:\Users\asus\Desktop\related work\Behavioral-Cloning--SelfDrivingCar-master\IMG\IMG\left_2018_11_09_15_03_47_441.jpg, C:\Users\asus\Desktop\related work\Behavioral-Cloning--SelfDrivingCar-master\IMG\IMG\right_2018_11_09_15_03_47_441.jpg, 0, 0, 0, 7.885975E-05
C:\Users\asus\Desktop\related work\Behavioral-Cloning--SelfDrivingCar-master\IMG\IMG\center_2018_11_09_15_03_47_543.jpg, C:\Users\asus\Desktop\related work\Behavioral-Cloning--SelfDrivingCar-master\IMG\IMG\left_2018_11_09_15_03_47_543.jpg, C:\Users\asus\Desktop\related work\Behavioral-Cloning--SelfDrivingCar-master\IMG\IMG\right_2018_11_09_15_03_47_543.jpg, 0, 0, 0, 7.810516E-05
C:\Users\asus\Desktop\related work\Behavioral-Cloning--SelfDrivingCar-master\IMG\IMG\center_2018_11_09_15_03_47_667.jpg, C:\Users\asus\Desktop\related work\Behavioral-Cloning--SelfDrivingCar-master\IMG\IMG\left_2018_11_09_15_03_47_667.jpg, C:\Users\asus\Desktop\related work\Behavioral-Cloning--SelfDrivingCar-master\IMG\IMG\right_2018_11_09_15_03_47_667.jpg, 0, 0, 0, 7.979667E-05
C:\Users\asus\Desktop\related work\Behavioral-Cloning--SelfDrivingCar-master\IMG\IMG\center_2018_11_09_15_03_47_772.jpg, C:\Users\asus\Desktop\related work\Behavioral-Cloning--SelfDrivingCar-master\IMG\IMG\left_2018_11_09_15_03_47_772.jpg, C:\Users\asus\Desktop\related work\Behavioral-Cloning--SelfDrivingCar-master\IMG\IMG\right_2018_11_09_15_03_47_772.jpg, 0, 0, 0, 7.972359E-05
C:\Users\asus\Desktop\related work\Behavioral-Cloning--SelfDrivingCar-master\IMG\IMG\center_2018_11_09_15_03_47_902.jpg, C:\Users\asus\Desktop\related work\Behavioral-Cloning--SelfDrivingCar-master\IMG\IMG\left_2018_11_09_15_03_47_902.jpg, C:\Users\asus\Desktop\related work\Behavioral-Cloning--SelfDrivingCar-master\IMG\IMG\right_2018_11_09_15_03_47_902.jpg, 0, 0, 0, 8.030908E-05
C:\Users\asus\Desktop\related work\Behavioral-Cloning--SelfDrivingCar-master\IMG\IMG\center_2018_11_09_15_03_48_031.jpg, C:\Users\asus\Desktop\related work\Behavioral-Cloning--SelfDrivingCar-master\IMG\IMG\left_2018_11_09_15_03_48_031.jpg, C:\Users\asus\Desktop\related work\Behavioral-Cloning--SelfDrivingCar-master\IMG\IMG\right_2018_11_09_15_03_48_031.jpg, 0, 0, 0, 7.967898E-05
C:\Users\asus\Desktop\related work\Behavioral-Cloning--SelfDrivingCar-master\IMG\IMG\center_2018_11_09_15_03_48_146.jpg, C:\Users\asus\Desktop\related work\Behavioral-Cloning--SelfDrivingCar-master\IMG\IMG\left_2018_11_09_15_03_48_146.jpg, C:\Users\asus\Desktop\related work\Behavioral-Cloning--SelfDrivingCar-master\IMG\IMG\right_2018_11_09_15_03_48_146.jpg, 0, 0, 0, 8.023853E-05
C:\Users\asus\Desktop\related work\Behavioral-Cloning--SelfDrivingCar-master\IMG\IMG\center_2018_11_09_15_03_48_266.jpg, C:\Users\asus\Desktop\related work\Behavioral-Cloning--SelfDrivingCar-master\IMG\IMG\left_2018_11_09_15_03_48_266.jpg, C:\Users\asus\Desktop\related work\Behavioral-Cloning--SelfDrivingCar-master\IMG\IMG\right_2018_11_09_15_03_48_266.jpg, 0, 0, 0, 7.893031E-05
C:\Users\asus\Desktop\related work\Behavioral-Cloning--SelfDrivingCar-master\IMG\IMG\center_2018_11_09_15_03_48_372.jpg, C:\Users\asus\Desktop\related work\Behavioral-Cloning--SelfDrivingCar-master\IMG\IMG\left_2018_11_09_15_03_48_372.jpg, C:\Users\asus\Desktop\related work\Behavioral-Cloning--SelfDrivingCar-master\IMG\IMG\right_2018_11_09_15_03_48_372.jpg, 0, 0, 0, 7.986111E-05
C:\Users\asus\Desktop\related work\Behavioral-Cloning--SelfDrivingCar-master\IMG\IMG\center_2018_11_09_15_03_48_485.jpg, C:\Users\asus\Desktop\related work\Behavioral-Cloning--SelfDrivingCar-master\IMG\IMG\left_2018_11_09_15_03_48_485.jpg, C:\Users\asus\Desktop\related work\Behavioral-Cloning--SelfDrivingCar-master\IMG\IMG\right_2018_11_09_15_03_48_485.jpg, 0, 0, 0, 7.855734E-05
C:\Users\asus\Desktop\related work\Behavioral-Cloning--SelfDrivingCar-master\IMG\IMG\center_2018_11_09_15_03_48_590.jpg, C:\Users\asus\Desktop\related work\Behavioral-Cloning--SelfDrivingCar-master\IMG\IMG\left_2018_11_09_15_03_48_590.jpg, C:\Users\asus\Desktop\related work\Behavioral-Cloning--SelfDrivingCar-master\IMG\IMG\right_2018_11_09_15_03_48_590.jpg, 0, 0, 0, 8.026128E-05
C:\Users\asus\Desktop\related work\Behavioral-Cloning--SelfDrivingCar-master\IMG\IMG\center_2018_11_09_15_03_48_697.jpg, C:\Users\asus\Desktop\related work\Behavioral-Cloning--SelfDrivingCar-master\IMG\IMG\left_2018_11_09_15_03_48_697.jpg, C:\Users\asus\Desktop\related work\Behavioral-Cloning--SelfDrivingCar-master\IMG\IMG\right_2018_11_09_15_03_48_697.jpg, 0, 0, 0, 7.966587E-05
C:\Users\asus\Desktop\related work\Behavioral-Cloning--SelfDrivingCar-master\IMG\IMG\center_2018_11_09_15_03_48_800.jpg, C:\Users\asus\Desktop\related work\Behavioral-Cloning--SelfDrivingCar-master\IMG\IMG\left_2018_11_09_15_03_48_800.jpg, C:\Users\asus\Desktop\related work\Behavioral-Cloning--SelfDrivingCar-master\IMG\IMG\right_2018_11_09_15_03_48_800.jpg, 0, 0, 0, 8.295616E-05
C:\Users\asus\Desktop\related work\Behavioral-Cloning--SelfDrivingCar-master\IMG\IMG\center_2018_11_09_15_03_48_905.jpg, C:\Users\asus\Desktop\related work\Behavioral-Cloning--SelfDrivingCar-master\IMG\IMG\left_2018_11_09_15_03_48_905.jpg, C:\Users\asus\Desktop\related work\Behavioral-Cloning--SelfDrivingCar-master\IMG\IMG\right_2018_11_09_15_03_48_905.jpg, 0, 0, 0, 7.854527E-05
C:\Users\asus\Desktop\related work\Behavioral-Cloning--SelfDrivingCar-master\IMG\IMG\center_2018_11_09_15_03_49_010.jpg, C:\Users\asus\Desktop\related work\Behavioral-Cloning--SelfDrivingCar-master\IMG\IMG\left_2018_11_09_15_03_49_010.jpg, C:\Users\asus\Desktop\related work\Behavioral-Cloning--SelfDrivingCar-master\IMG\IMG\right_2018_11_09_15_03_49_010.jpg, 0, 0, 0, 7.767331E-05
C:\Users\asus\Desktop\related work\Behavioral-Cloning--SelfDrivingCar-master\IMG\IMG\center_2018_11_09_15_03_49_134.jpg, C:\Users\asus\Desktop\related work\Behavioral-Cloning--SelfDrivingCar-master\IMG\IMG\left_2018_11_09_15_03_49_134.jpg, C:\Users\asus\Desktop\related work\Behavioral-Cloning--SelfDrivingCar-master\IMG\IMG\right_2018_11_09_15_03_49_134.jpg, 0, 0, 0, 7.847373E-05
C:\Users\asus\Desktop\related work\Behavioral-Cloning--SelfDrivingCar-master\IMG\IMG\center_2018_11_09_15_03_49_233.jpg, C:\Users\asus\Desktop\related work\Behavioral-Cloning--SelfDrivingCar-master\IMG\IMG\left_2018_11_09_15_03_49_233.jpg, C:\Users\asus\Desktop\related work\Behavioral-Cloning--SelfDrivingCar-master\IMG\IMG\right_2018_11_09_15_03_49_233.jpg, 0, 0, 0, 7.814812E-05
C:\Users\asus\Desktop\related work\Behavioral-Cloning--SelfDrivingCar-master\IMG\IMG\center_2018_11_09_15_03_49_369.jpg, C:\Users\asus\Desktop\related work\Behavioral-Cloning--SelfDrivingCar-master\IMG\IMG\left_2018_11_09_15_03_49_369.jpg, C:\Users\asus\Desktop\related work\Behavioral-Cloning--SelfDrivingCar-master\IMG\IMG\right_2018_11_09_15_03_49_369.jpg, 0, 0.4039325, 0, 0.4925657
C:\Users\asus\Desktop\related work\Behavioral-Cloning--SelfDrivingCar-master\IMG\IMG\center_2018_11_09_15_03_49_490.jpg, C:\Users\asus\Desktop\related work\Behavioral-Cloning--SelfDrivingCar-master\IMG\IMG\left_2018_11_09_15_03_49_490.jpg, C:\Users\asus\Desktop\related work\Behavioral-Cloning--SelfDrivingCar-master\IMG\IMG\right_2018_11_09_15_03_49_490.jpg, 0, 0.7604916, 0, 1.407282
C:\Users\asus\Desktop\related work\Behavioral-Cloning--SelfDrivingCar-master\IMG\IMG\center_2018_11_09_15_03_49_596.jpg, C:\Users\asus\Desktop\related work\Behavioral-Cloning--SelfDrivingCar-master\IMG\IMG\left_2018_11_09_15_03_49_596.jpg, C:\Users\asus\Desktop\related work\Behavioral-Cloning--SelfDrivingCar-master\IMG\IMG\right_2018_11_09_15_03_49_596.jpg, 0, 1, 0, 2.6146
C:\Users\asus\Desktop\related work\Behavioral-Cloning--SelfDrivingCar-master\IMG\IMG\center_2018_11_09_15_03_49_700.jpg, C:\Users\asus\Desktop\related work\Behavioral-Cloning--SelfDrivingCar-master\IMG\IMG\left_2018_11_09_15_03_49_700.jpg, C:\Users\asus\Desktop\related work\Behavioral-Cloning--SelfDrivingCar-master\IMG\IMG\right_2018_11_09_15_03_49_700.jpg, 0, 1, 0, 3.786677
C:\Users\asus\Desktop\related work\Behavioral-Cloning--SelfDrivingCar-master\IMG\IMG\center_2018_11_09_15_03_49_806.jpg, C:\Users\asus\Desktop\related work\Behavioral-Cloning--SelfDrivingCar-master\IMG\IMG\left_2018_11_09_15_03_49_806.jpg, C:\Users\asus\Desktop\related work\Behavioral-Cloning--SelfDrivingCar-master\IMG\IMG\right_2018_11_09_15_03_49_806.jpg, 0, 1, 0, 5.187741
C:\Users\asus\Desktop\related work\Behavioral-Cloning--SelfDrivingCar-master\IMG\IMG\center_2018_11_09_15_03_49_906.jpg, C:\Users\asus\Desktop\related work\Behavioral-Cloning--SelfDrivingCar-master\IMG\IMG\left_2018_11_09_15_03_49_906.jpg, C:\Users\asus\Desktop\related work\Behavioral-Cloning--SelfDrivingCar-master\IMG\IMG\right_2018_11_09_15_03_49_906.jpg, 0, 1, 0, 6.341988
C:\Users\asus\Desktop\related work\Behavioral-Cloning--SelfDrivingCar-master\IMG\IMG\center_2018_11_09_15_03_50_023.jpg, C:\Users\asus\Desktop\related work\Behavioral-Cloning--SelfDrivingCar-master\IMG\IMG\left_2018_11_09_15_03_50_023.jpg, C:\Users\asus\Desktop\related work\Behavioral-Cloning--SelfDrivingCar-master\IMG\IMG\right_2018_11_09_15_03_50_023.jpg, 0, 1, 0, 7.485033
C:\Users\asus\Desktop\related work\Behavioral-Cloning--SelfDrivingCar-master\IMG\IMG\center_2018_11_09_15_03_50_133.jpg, C:\Users\asus\Desktop\related work\Behavioral-Cloning--SelfDrivingCar-master\IMG\IMG\left_2018_11_09_15_03_50_133.jpg, C:\Users\asus\Desktop\related work\Behavioral-Cloning--SelfDrivingCar-master\IMG\IMG\right_2018_11_09_15_03_50_133.jpg, 0, 1, 0, 8.842055
C:\Users\asus\Desktop\related work\Behavioral-Cloning--SelfDrivingCar-master\IMG\IMG\center_2018_11_09_15_03_50_276.jpg, C:\Users\asus\Desktop\related work\Behavioral-Cloning--SelfDrivingCar-master\IMG\IMG\left_2018_11_09_15_03_50_276.jpg, C:\Users\asus\Desktop\related work\Behavioral-Cloning--SelfDrivingCar-master\IMG\IMG\right_2018_11_09_15_03_50_276.jpg, -0.4312824, 1, 0, 10.28759
C:\Users\asus\Desktop\related work\Behavioral-Cloning--SelfDrivingCar-master\IMG\IMG\center_2018_11_09_15_03_50_376.jpg, C:\Users\asus\Desktop\related work\Behavioral-Cloning--SelfDrivingCar-master\IMG\IMG\left_2018_11_09_15_03_50_376.jpg, C:\Users\asus\Desktop\related work\Behavioral-Cloning--SelfDrivingCar-master\IMG\IMG\right_2018_11_09_15_03_50_376.jpg, -0.734021, 1, 0, 11.30277
C:\Users\asus\Desktop\related work\Behavioral-Cloning--SelfDrivingCar-master\IMG\IMG\center_2018_11_09_15_03_50_487.jpg, C:\Users\asus\Desktop\related work\Behavioral-Cloning--SelfDrivingCar-master\IMG\IMG\left_2018_11_09_15_03_50_487.jpg, C:\Users\asus\Desktop\related work\Behavioral-Cloning--SelfDrivingCar-master\IMG\IMG\right_2018_11_09_15_03_50_487.jpg, -1, 1, 0, 12.13186
C:\Users\asus\Desktop\related work\Behavioral-Cloning--SelfDrivingCar-master\IMG\IMG\center_2018_11_09_15_03_50_590.jpg, C:\Users\asus\Desktop\related work\Behavioral-Cloning--SelfDrivingCar-master\IMG\IMG\left_2018_11_09_15_03_50_590.jpg, C:\Users\asus\Desktop\related work\Behavioral-Cloning--SelfDrivingCar-master\IMG\IMG\right_2018_11_09_15_03_50_590.jpg, -1, 1, 0, 13.3381
C:\Users\asus\Desktop\related work\Behavioral-Cloning--SelfDrivingCar-master\IMG\IMG\center_2018_11_09_15_03_50_709.jpg, C:\Users\asus\Desktop\related work\Behavioral-Cloning--SelfDrivingCar-master\IMG\IMG\left_2018_11_09_15_03_50_709.jpg, C:\Users\asus\Desktop\related work\Behavioral-Cloning--SelfDrivingCar-master\IMG\IMG\right_2018_11_09_15_03_50_709.jpg, -1, 1, 0, 14.65526
C:\Users\asus\Desktop\related work\Behavioral-Cloning--SelfDrivingCar-master\IMG\IMG\center_2018_11_09_15_03_50_813.jpg, C:\Users\asus\Desktop\related work\Behavioral-Cloning--SelfDrivingCar-master\IMG\IMG\left_2018_11_09_15_03_50_813.jpg, C:\Users\asus\Desktop\related work\Behavioral-Cloning--SelfDrivingCar-master\IMG\IMG\right_2018_11_09_15_03_50_813.jpg, -1, 1, 0, 15.49798
C:\Users\asus\Desktop\related work\Behavioral-Cloning--SelfDrivingCar-master\IMG\IMG\center_2018_11_09_15_03_50_915.jpg, C:\Users\asus\Desktop\related work\Behavioral-Cloning--SelfDrivingCar-master\IMG\IMG\left_2018_11_09_15_03_50_915.jpg, C:\Users\asus\Desktop\related work\Behavioral-Cloning--SelfDrivingCar-master\IMG\IMG\right_2018_11_09_15_03_50_915.jpg, -0.6954175, 1, 0, 16.72801
C:\Users\asus\Desktop\related work\Behavioral-Cloning--SelfDrivingCar-master\IMG\IMG\center_2018_11_09_15_03_51_038.jpg, C:\Users\asus\Desktop\related work\Behavioral-Cloning--SelfDrivingCar-master\IMG\IMG\left_2018_11_09_15_03_51_038.jpg, C:\Users\asus\Desktop\related work\Behavioral-Cloning--SelfDrivingCar-master\IMG\IMG\right_2018_11_09_15_03_51_038.jpg, -0.3269188, 1, 0, 17.98719
C:\Users\asus\Desktop\related work\Behavioral-Cloning--SelfDrivingCar-master\IMG\IMG\center_2018_11_09_15_03_51_146.jpg, C:\Users\asus\Desktop\related work\Behavioral-Cloning--SelfDrivingCar-master\IMG\IMG\left_2018_11_09_15_03_51_146.jpg, C:\Users\asus\Desktop\related work\Behavioral-Cloning--SelfDrivingCar-master\IMG\IMG\right_2018_11_09_15_03_51_146.jpg, -0.003566483, 1, 0, 19.17215
C:\Users\asus\Desktop\related work\Behavioral-Cloning--SelfDrivingCar-master\IMG\IMG\center_2018_11_09_15_03_51_264.jpg, C:\Users\asus\Desktop\related work\Behavioral-Cloning--SelfDrivingCar-master\IMG\IMG\left_2018_11_09_15_03_51_264.jpg, C:\Users\asus\Desktop\related work\Behavioral-Cloning--SelfDrivingCar-master\IMG\IMG\right_2018_11_09_15_03_51_264.jpg, 0, 1, 0, 20.06441
C:\Users\asus\Desktop\related work\Behavioral-Cloning--SelfDrivingCar-master\IMG\IMG\center_2018_11_09_15_03_51_373.jpg, C:\Users\asus\Desktop\related work\Behavioral-Cloning--SelfDrivingCar-master\IMG\IMG\left_2018_11_09_15_03_51_373.jpg, C:\Users\asus\Desktop\related work\Behavioral-Cloning--SelfDrivingCar-master\IMG\IMG\right_2018_11_09_15_03_51_373.jpg, 0, 1, 0, 21.28039
C:\Users\asus\Desktop\related work\Behavioral-Cloning--SelfDrivingCar-master\IMG\IMG\center_2018_11_09_15_03_51_499.jpg, C:\Users\asus\Desktop\related work\Behavioral-Cloning--SelfDrivingCar-master\IMG\IMG\left_2018_11_09_15_03_51_499.jpg, C:\Users\asus\Desktop\related work\Behavioral-Cloning--SelfDrivingCar-master\IMG\IMG\right_2018_11_09_15_03_51_499.jpg, 0, 1, 0, 22.45452
C:\Users\asus\Desktop\related work\Behavioral-Cloning--SelfDrivingCar-master\IMG\IMG\center_2018_11_09_15_03_51_604.jpg, C:\Users\asus\Desktop\related work\Behavioral-Cloning--SelfDrivingCar-master\IMG\IMG\left_2018_11_09_15_03_51_604.jpg, C:\Users\asus\Desktop\related work\Behavioral-Cloning--SelfDrivingCar-master\IMG\IMG\right_2018_11_09_15_03_51_604.jpg, 0, 1, 0, 23.46971
C:\Users\asus\Desktop\related work\Behavioral-Cloning--SelfDrivingCar-master\IMG\IMG\center_2018_11_09_15_03_51_726.jpg, C:\Users\asus\Desktop\related work\Behavioral-Cloning--SelfDrivingCar-master\IMG\IMG\left_2018_11_09_15_03_51_726.jpg, C:\Users\asus\Desktop\related work\Behavioral-Cloning--SelfDrivingCar-master\IMG\IMG\right_2018_11_09_15_03_51_726.jpg, 0, 1, 0, 24.51394
C:\Users\asus\Desktop\related work\Behavioral-Cloning--SelfDrivingCar-master\IMG\IMG\center_2018_11_09_15_03_51_857.jpg, C:\Users\asus\Desktop\related work\Behavioral-Cloning--SelfDrivingCar-master\IMG\IMG\left_2018_11_09_15_03_51_857.jpg, C:\Users\asus\Desktop\related work\Behavioral-Cloning--SelfDrivingCar-master\IMG\IMG\right_2018_11_09_15_03_51_857.jpg, 0, 1, 0, 24.8248
C:\Users\asus\Desktop\related work\Behavioral-Cloning--SelfDrivingCar-master\IMG\IMG\center_2018_11_09_15_03_51_970.jpg, C:\Users\asus\Desktop\related work\Behavioral-Cloning--SelfDrivingCar-master\IMG\IMG\left_2018_11_09_15_03_51_970.jpg, C:\Users\asus\Desktop\related work\Behavioral-Cloning--SelfDrivingCar-master\IMG\IMG\right_2018_11_09_15_03_51_970.jpg, 0, 1, 0, 25.51664
C:\Users\asus\Desktop\related work\Behavioral-Cloning--SelfDrivingCar-master\IMG\IMG\center_2018_11_09_15_03_52_090.jpg, C:\Users\asus\Desktop\related work\Behavioral-Cloning--SelfDrivingCar-master\IMG\IMG\left_2018_11_09_15_03_52_090.jpg, C:\Users\asus\Desktop\related work\Behavioral-Cloning--SelfDrivingCar-master\IMG\IMG\right_2018_11_09_15_03_52_090.jpg, 0, 1, 0, 26.67843
C:\Users\asus\Desktop\related work\Behavioral-Cloning--SelfDrivingCar-master\IMG\IMG\center_2018_11_09_15_03_52_208.jpg, C:\Users\asus\Desktop\related work\Behavioral-Cloning--SelfDrivingCar-master\IMG\IMG\left_2018_11_09_15_03_52_208.jpg, C:\Users\asus\Desktop\related work\Behavioral-Cloning--SelfDrivingCar-master\IMG\IMG\right_2018_11_09_15_03_52_208.jpg, 0, 1, 0, 28.16998
C:\Users\asus\Desktop\related work\Behavioral-Cloning--SelfDrivingCar-master\IMG\IMG\center_2018_11_09_15_03_52_314.jpg, C:\Users\asus\Desktop\related work\Behavioral-Cloning--SelfDrivingCar-master\IMG\IMG\left_2018_11_09_15_03_52_314.jpg, C:\Users\asus\Desktop\related work\Behavioral-Cloning--SelfDrivingCar-master\IMG\IMG\right_2018_11_09_15_03_52_314.jpg, 0, 1, 0, 28.40528
C:\Users\asus\Desktop\related work\Behavioral-Cloning--SelfDrivingCar-master\IMG\IMG\center_2018_11_09_15_03_52_453.jpg, C:\Users\asus\Desktop\related work\Behavioral-Cloning--SelfDrivingCar-master\IMG\IMG\left_2018_11_09_15_03_52_453.jpg, C:\Users\asus\Desktop\related work\Behavioral-Cloning--SelfDrivingCar-master\IMG\IMG\right_2018_11_09_15_03_52_453.jpg, 0, 1, 0, 27.86164
C:\Users\asus\Desktop\related work\Behavioral-Cloning--SelfDrivingCar-master\IMG\IMG\center_2018_11_09_15_03_52_514.jpg, C:\Users\asus\Desktop\related work\Behavioral-Cloning--SelfDrivingCar-master\IMG\IMG\left_2018_11_09_15_03_52_514.jpg, C:\Users\asus\Desktop\related work\Behavioral-Cloning--SelfDrivingCar-master\IMG\IMG\right_2018_11_09_15_03_52_514.jpg, 0, 1, 0, 23.58577
C:\Users\asus\Desktop\related work\Behavioral-Cloning--SelfDrivingCar-master\IMG\IMG\center_2018_11_09_15_03_52_622.jpg, C:\Users\asus\Desktop\related work\Behavioral-Cloning--SelfDrivingCar-master\IMG\IMG\left_2018_11_09_15_03_52_622.jpg, C:\Users\asus\Desktop\related work\Behavioral-Cloning--SelfDrivingCar-master\IMG\IMG\right_2018_11_09_15_03_52_622.jpg, 0, 1, 0, 21.45587
C:\Users\asus\Desktop\related work\Behavioral-Cloning--SelfDrivingCar-master\IMG\IMG\center_2018_11_09_15_03_52_724.jpg, C:\Users\asus\Desktop\related work\Behavioral-Cloning--SelfDrivingCar-master\IMG\IMG\left_2018_11_09_15_03_52_724.jpg, C:\Users\asus\Desktop\related work\Behavioral-Cloning--SelfDrivingCar-master\IMG\IMG\right_2018_11_09_15_03_52_724.jpg, 0, 1, 0, 18.76348
C:\Users\asus\Desktop\related work\Behavioral-Cloning--SelfDrivingCar-master\IMG\IMG\center_2018_11_09_15_03_52_836.jpg, C:\Users\asus\Desktop\related work\Behavioral-Cloning--SelfDrivingCar-master\IMG\IMG\left_2018_11_09_15_03_52_836.jpg, C:\Users\asus\Desktop\related work\Behavioral-Cloning--SelfDrivingCar-master\IMG\IMG\right_2018_11_09_15_03_52_836.jpg, 0, 1, 0, 16.64767
C:\Users\asus\Desktop\related work\Behavioral-Cloning--SelfDrivingCar-master\IMG\IMG\center_2018_11_09_15_03_52_943.jpg, C:\Users\asus\Desktop\related work\Behavioral-Cloning--SelfDrivingCar-master\IMG\IMG\left_2018_11_09_15_03_52_943.jpg, C:\Users\asus\Desktop\related work\Behavioral-Cloning--SelfDrivingCar-master\IMG\IMG\right_2018_11_09_15_03_52_943.jpg, 0, 1, 0, 14.54861
C:\Users\asus\Desktop\related work\Behavioral-Cloning--SelfDrivingCar-master\IMG\IMG\center_2018_11_09_15_03_53_047.jpg, C:\Users\asus\Desktop\related work\Behavioral-Cloning--SelfDrivingCar-master\IMG\IMG\left_2018_11_09_15_03_53_047.jpg, C:\Users\asus\Desktop\related work\Behavioral-Cloning--SelfDrivingCar-master\IMG\IMG\right_2018_11_09_15_03_53_047.jpg, 0, 1, 0, 11.96588
C:\Users\asus\Desktop\related work\Behavioral-Cloning--SelfDrivingCar-master\IMG\IMG\center_2018_11_09_15_03_53_166.jpg, C:\Users\asus\Desktop\related work\Behavioral-Cloning--SelfDrivingCar-master\IMG\IMG\left_2018_11_09_15_03_53_166.jpg, C:\Users\asus\Desktop\related work\Behavioral-Cloning--SelfDrivingCar-master\IMG\IMG\right_2018_11_09_15_03_53_166.jpg, 0, 1, 0, 9.354246
C:\Users\asus\Desktop\related work\Behavioral-Cloning--SelfDrivingCar-master\IMG\IMG\center_2018_11_09_15_03_53_285.jpg, C:\Users\asus\Desktop\related work\Behavioral-Cloning--SelfDrivingCar-master\IMG\IMG\left_2018_11_09_15_03_53_285.jpg, C:\Users\asus\Desktop\related work\Behavioral-Cloning--SelfDrivingCar-master\IMG\IMG\right_2018_11_09_15_03_53_285.jpg, 0, 1, 0, 6.924989
C:\Users\asus\Desktop\related work\Behavioral-Cloning--SelfDrivingCar-master\IMG\IMG\center_2018_11_09_15_03_53_393.jpg, C:\Users\asus\Desktop\related work\Behavioral-Cloning--SelfDrivingCar-master\IMG\IMG\left_2018_11_09_15_03_53_393.jpg, C:\Users\asus\Desktop\related work\Behavioral-Cloning--SelfDrivingCar-master\IMG\IMG\right_2018_11_09_15_03_53_393.jpg, 0, 1, 0, 4.792731
C:\Users\asus\Desktop\related work\Behavioral-Cloning--SelfDrivingCar-master\IMG\IMG\center_2018_11_09_15_03_53_496.jpg, C:\Users\asus\Desktop\related work\Behavioral-Cloning--SelfDrivingCar-master\IMG\IMG\left_2018_11_09_15_03_53_496.jpg, C:\Users\asus\Desktop\related work\Behavioral-Cloning--SelfDrivingCar-master\IMG\IMG\right_2018_11_09_15_03_53_496.jpg, 0, 1, 0, 0.3768613
C:\Users\asus\Desktop\related work\Behavioral-Cloning--SelfDrivingCar-master\IMG\IMG\center_2018_11_09_15_03_53_605.jpg, C:\Users\asus\Desktop\related work\Behavioral-Cloning--SelfDrivingCar-master\IMG\IMG\left_2018_11_09_15_03_53_605.jpg, C:\Users\asus\Desktop\related work\Behavioral-Cloning--SelfDrivingCar-master\IMG\IMG\right_2018_11_09_15_03_53_605.jpg, 0, 1, 0, 0.006877211
C:\Users\asus\Desktop\related work\Behavioral-Cloning--SelfDrivingCar-master\IMG\IMG\center_2018_11_09_15_03_53_710.jpg, C:\Users\asus\Desktop\related work\Behavioral-Cloning--SelfDrivingCar-master\IMG\IMG\left_2018_11_09_15_03_53_710.jpg, C:\Users\asus\Desktop\related work\Behavioral-Cloning--SelfDrivingCar-master\IMG\IMG\right_2018_11_09_15_03_53_710.jpg, 0, 1, 0, 0.00061959
C:\Users\asus\Desktop\related work\Behavioral-Cloning--SelfDrivingCar-master\IMG\IMG\center_2018_11_09_15_03_53_814.jpg, C:\Users\asus\Desktop\related work\Behavioral-Cloning--SelfDrivingCar-master\IMG\IMG\left_2018_11_09_15_03_53_814.jpg, C:\Users\asus\Desktop\related work\Behavioral-Cloning--SelfDrivingCar-master\IMG\IMG\right_2018_11_09_15_03_53_814.jpg, 0, 1, 0, 0.0006162959
C:\Users\asus\Desktop\related work\Behavioral-Cloning--SelfDrivingCar-master\IMG\IMG\center_2018_11_09_15_03_53_914.jpg, C:\Users\asus\Desktop\related work\Behavioral-Cloning--SelfDrivingCar-master\IMG\IMG\left_2018_11_09_15_03_53_914.jpg, C:\Users\asus\Desktop\related work\Behavioral-Cloning--SelfDrivingCar-master\IMG\IMG\right_2018_11_09_15_03_53_914.jpg, 0, 0.6963891, 0, 0.0007317509
C:\Users\asus\Desktop\related work\Behavioral-Cloning--SelfDrivingCar-master\IMG\IMG\center_2018_11_09_15_03_54_044.jpg, C:\Users\asus\Desktop\related work\Behavioral-Cloning--SelfDrivingCar-master\IMG\IMG\left_2018_11_09_15_03_54_044.jpg, C:\Users\asus\Desktop\related work\Behavioral-Cloning--SelfDrivingCar-master\IMG\IMG\right_2018_11_09_15_03_54_044.jpg, 0, 1, 0, 0.001960095
C:\Users\asus\Desktop\related work\Behavioral-Cloning--SelfDrivingCar-master\IMG\IMG\center_2018_11_09_15_03_54_140.jpg, C:\Users\asus\Desktop\related work\Behavioral-Cloning--SelfDrivingCar-master\IMG\IMG\left_2018_11_09_15_03_54_140.jpg, C:\Users\asus\Desktop\related work\Behavioral-Cloning--SelfDrivingCar-master\IMG\IMG\right_2018_11_09_15_03_54_140.jpg, 0, 0.6906895, 0, 0.001113506
C:\Users\asus\Desktop\related work\Behavioral-Cloning--SelfDrivingCar-master\IMG\IMG\center_2018_11_09_15_03_54_268.jpg, C:\Users\asus\Desktop\related work\Behavioral-Cloning--SelfDrivingCar-master\IMG\IMG\left_2018_11_09_15_03_54_268.jpg, C:\Users\asus\Desktop\related work\Behavioral-Cloning--SelfDrivingCar-master\IMG\IMG\right_2018_11_09_15_03_54_268.jpg, 0, 1, 0, 0.001204227
C:\Users\asus\Desktop\related work\Behavioral-Cloning--SelfDrivingCar-master\IMG\IMG\center_2018_11_09_15_03_54_378.jpg, C:\Users\asus\Desktop\related work\Behavioral-Cloning--SelfDrivingCar-master\IMG\IMG\left_2018_11_09_15_03_54_378.jpg, C:\Users\asus\Desktop\related work\Behavioral-Cloning--SelfDrivingCar-master\IMG\IMG\right_2018_11_09_15_03_54_378.jpg, 0, 1, 0, 0.001874189
C:\Users\asus\Desktop\related work\Behavioral-Cloning--SelfDrivingCar-master\IMG\IMG\center_2018_11_09_15_03_54_516.jpg, C:\Users\asus\Desktop\related work\Behavioral-Cloning--SelfDrivingCar-master\IMG\IMG\left_2018_11_09_15_03_54_516.jpg, C:\Users\asus\Desktop\related work\Behavioral-Cloning--SelfDrivingCar-master\IMG\IMG\right_2018_11_09_15_03_54_516.jpg, 0, 1, 0, 0.0007042476
C:\Users\asus\Desktop\related work\Behavioral-Cloning--SelfDrivingCar-master\IMG\IMG\center_2018_11_09_15_03_54_625.jpg, C:\Users\asus\Desktop\related work\Behavioral-Cloning--SelfDrivingCar-master\IMG\IMG\left_2018_11_09_15_03_54_625.jpg, C:\Users\asus\Desktop\related work\Behavioral-Cloning--SelfDrivingCar-master\IMG\IMG\right_2018_11_09_15_03_54_625.jpg, 0, 1, 0, 0.002124707
C:\Users\asus\Desktop\related work\Behavioral-Cloning--SelfDrivingCar-master\IMG\IMG\center_2018_11_09_15_03_54_757.jpg, C:\Users\asus\Desktop\related work\Behavioral-Cloning--SelfDrivingCar-master\IMG\IMG\left_2018_11_09_15_03_54_757.jpg, C:\Users\asus\Desktop\related work\Behavioral-Cloning--SelfDrivingCar-master\IMG\IMG\right_2018_11_09_15_03_54_757.jpg, 0, 1, 0, 0.002649778
C:\Users\asus\Desktop\related work\Behavioral-Cloning--SelfDrivingCar-master\IMG\IMG\center_2018_11_09_15_03_54_870.jpg, C:\Users\asus\Desktop\related work\Behavioral-Cloning--SelfDrivingCar-master\IMG\IMG\left_2018_11_09_15_03_54_870.jpg, C:\Users\asus\Desktop\related work\Behavioral-Cloning--SelfDrivingCar-master\IMG\IMG\right_2018_11_09_15_03_54_870.jpg, 0, 1, 0, 0.001246719
C:\Users\asus\Desktop\related work\Behavioral-Cloning--SelfDrivingCar-master\IMG\IMG\center_2018_11_09_15_03_54_996.jpg, C:\Users\asus\Desktop\related work\Behavioral-Cloning--SelfDrivingCar-master\IMG\IMG\left_2018_11_09_15_03_54_996.jpg, C:\Users\asus\Desktop\related work\Behavioral-Cloning--SelfDrivingCar-master\IMG\IMG\right_2018_11_09_15_03_54_996.jpg, 0, 0.6235833, 0, 0.0003388801
C:\Users\asus\Desktop\related work\Behavioral-Cloning--SelfDrivingCar-master\IMG\IMG\center_2018_11_09_15_03_55_101.jpg, C:\Users\asus\Desktop\related work\Behavioral-Cloning--SelfDrivingCar-master\IMG\IMG\left_2018_11_09_15_03_55_101.jpg, C:\Users\asus\Desktop\related work\Behavioral-Cloning--SelfDrivingCar-master\IMG\IMG\right_2018_11_09_15_03_55_101.jpg, 0, 0.3066215, 0, 0.0002423718
C:\Users\asus\Desktop\related work\Behavioral-Cloning--SelfDrivingCar-master\IMG\IMG\center_2018_11_09_15_03_55_227.jpg, C:\Users\asus\Desktop\related work\Behavioral-Cloning--SelfDrivingCar-master\IMG\IMG\left_2018_11_09_15_03_55_227.jpg, C:\Users\asus\Desktop\related work\Behavioral-Cloning--SelfDrivingCar-master\IMG\IMG\right_2018_11_09_15_03_55_227.jpg, 0, 0, 0, 0.002115407
C:\Users\asus\Desktop\related work\Behavioral-Cloning--SelfDrivingCar-master\IMG\IMG\center_2018_11_09_15_03_55_335.jpg, C:\Users\asus\Desktop\related work\Behavioral-Cloning--SelfDrivingCar-master\IMG\IMG\left_2018_11_09_15_03_55_335.jpg, C:\Users\asus\Desktop\related work\Behavioral-Cloning--SelfDrivingCar-master\IMG\IMG\right_2018_11_09_15_03_55_335.jpg, 0.103481, 0, 0, 0.001023369
C:\Users\asus\Desktop\related work\Behavioral-Cloning--SelfDrivingCar-master\IMG\IMG\center_2018_11_09_15_03_55_452.jpg, C:\Users\asus\Desktop\related work\Behavioral-Cloning--SelfDrivingCar-master\IMG\IMG\left_2018_11_09_15_03_55_452.jpg, C:\Users\asus\Desktop\related work\Behavioral-Cloning--SelfDrivingCar-master\IMG\IMG\right_2018_11_09_15_03_55_452.jpg, 0.4545868, 0, 0, 0.0008785931
C:\Users\asus\Desktop\related work\Behavioral-Cloning--SelfDrivingCar-master\IMG\IMG\center_2018_11_09_15_03_55_582.jpg, C:\Users\asus\Desktop\related work\Behavioral-Cloning--SelfDrivingCar-master\IMG\IMG\left_2018_11_09_15_03_55_582.jpg, C:\Users\asus\Desktop\related work\Behavioral-Cloning--SelfDrivingCar-master\IMG\IMG\right_2018_11_09_15_03_55_582.jpg, 0.8458203, 0, 0, 0.0007780312
C:\Users\asus\Desktop\related work\Behavioral-Cloning--SelfDrivingCar-master\IMG\IMG\center_2018_11_09_15_03_55_692.jpg, C:\Users\asus\Desktop\related work\Behavioral-Cloning--SelfDrivingCar-master\IMG\IMG\left_2018_11_09_15_03_55_692.jpg, C:\Users\asus\Desktop\related work\Behavioral-Cloning--SelfDrivingCar-master\IMG\IMG\right_2018_11_09_15_03_55_692.jpg, 1, 0, 0, 0.0006041703
C:\Users\asus\Desktop\related work\Behavioral-Cloning--SelfDrivingCar-master\IMG\IMG\center_2018_11_09_15_03_55_792.jpg, C:\Users\asus\Desktop\related work\Behavioral-Cloning--SelfDrivingCar-master\IMG\IMG\left_2018_11_09_15_03_55_792.jpg, C:\Users\asus\Desktop\related work\Behavioral-Cloning--SelfDrivingCar-master\IMG\IMG\right_2018_11_09_15_03_55_792.jpg, 1, 0, 0, 0.005395644
C:\Users\asus\Desktop\related work\Behavioral-Cloning--SelfDrivingCar-master\IMG\IMG\center_2018_11_09_15_03_55_894.jpg, C:\Users\asus\Desktop\related work\Behavioral-Cloning--SelfDrivingCar-master\IMG\IMG\left_2018_11_09_15_03_55_894.jpg, C:\Users\asus\Desktop\related work\Behavioral-Cloning--SelfDrivingCar-master\IMG\IMG\right_2018_11_09_15_03_55_894.jpg, 1, 0, 0, 0.001091882
C:\Users\asus\Desktop\related work\Behavioral-Cloning--SelfDrivingCar-master\IMG\IMG\center_2018_11_09_15_03_56_010.jpg, C:\Users\asus\Desktop\related work\Behavioral-Cloning--SelfDrivingCar-master\IMG\IMG\left_2018_11_09_15_03_56_010.jpg, C:\Users\asus\Desktop\related work\Behavioral-Cloning--SelfDrivingCar-master\IMG\IMG\right_2018_11_09_15_03_56_010.jpg, 1, 0, 0, 0.0009483445
C:\Users\asus\Desktop\related work\Behavioral-Cloning--SelfDrivingCar-master\IMG\IMG\center_2018_11_09_15_03_56_111.jpg, C:\Users\asus\Desktop\related work\Behavioral-Cloning--SelfDrivingCar-master\IMG\IMG\left_2018_11_09_15_03_56_111.jpg, C:\Users\asus\Desktop\related work\Behavioral-Cloning--SelfDrivingCar-master\IMG\IMG\right_2018_11_09_15_03_56_111.jpg, 1, 0, 0, 0.0009833011
C:\Users\asus\Desktop\related work\Behavioral-Cloning--SelfDrivingCar-master\IMG\IMG\center_2018_11_09_15_03_56_229.jpg, C:\Users\asus\Desktop\related work\Behavioral-Cloning--SelfDrivingCar-master\IMG\IMG\left_2018_11_09_15_03_56_229.jpg, C:\Users\asus\Desktop\related work\Behavioral-Cloning--SelfDrivingCar-master\IMG\IMG\right_2018_11_09_15_03_56_229.jpg, 0.8375756, 0, 0, 0.004860122
C:\Users\asus\Desktop\related work\Behavioral-Cloning--SelfDrivingCar-master\IMG\IMG\center_2018_11_09_15_03_56_341.jpg, C:\Users\asus\Desktop\related work\Behavioral-Cloning--SelfDrivingCar-master\IMG\IMG\left_2018_11_09_15_03_56_341.jpg, C:\Users\asus\Desktop\related work\Behavioral-Cloning--SelfDrivingCar-master\IMG\IMG\right_2018_11_09_15_03_56_341.jpg, 0.5012966, 0, 0, 0.004015198
C:\Users\asus\Desktop\related work\Behavioral-Cloning--SelfDrivingCar-master\IMG\IMG\center_2018_11_09_15_03_56_467.jpg, C:\Users\asus\Desktop\related work\Behavioral-Cloning--SelfDrivingCar-master\IMG\IMG\left_2018_11_09_15_03_56_467.jpg, C:\Users\asus\Desktop\related work\Behavioral-Cloning--SelfDrivingCar-master\IMG\IMG\right_2018_11_09_15_03_56_467.jpg, 0.1234225, 0, 0, 0.001541568
C:\Users\asus\Desktop\related work\Behavioral-Cloning--SelfDrivingCar-master\IMG\IMG\center_2018_11_09_15_03_56_584.jpg, C:\Users\asus\Desktop\related work\Behavioral-Cloning--SelfDrivingCar-master\IMG\IMG\left_2018_11_09_15_03_56_584.jpg, C:\Users\asus\Desktop\related work\Behavioral-Cloning--SelfDrivingCar-master\IMG\IMG\right_2018_11_09_15_03_56_584.jpg, 0, 0, 0, 0.002032962
C:\Users\asus\Desktop\related work\Behavioral-Cloning--SelfDrivingCar-master\IMG\IMG\center_2018_11_09_15_03_56_703.jpg, C:\Users\asus\Desktop\related work\Behavioral-Cloning--SelfDrivingCar-master\IMG\IMG\left_2018_11_09_15_03_56_703.jpg, C:\Users\asus\Desktop\related work\Behavioral-Cloning--SelfDrivingCar-master\IMG\IMG\right_2018_11_09_15_03_56_703.jpg, -0.3566651, 0, 0, 0.00212718
C:\Users\asus\Desktop\related work\Behavioral-Cloning--SelfDrivingCar-master\IMG\IMG\center_2018_11_09_15_03_56_809.jpg, C:\Users\asus\Desktop\related work\Behavioral-Cloning--SelfDrivingCar-master\IMG\IMG\left_2018_11_09_15_03_56_809.jpg, C:\Users\asus\Desktop\related work\Behavioral-Cloning--SelfDrivingCar-master\IMG\IMG\right_2018_11_09_15_03_56_809.jpg, -0.04044744, 0, 0, 0.002559662
C:\Users\asus\Desktop\related work\Behavioral-Cloning--SelfDrivingCar-master\IMG\IMG\center_2018_11_09_15_03_56_914.jpg, C:\Users\asus\Desktop\related work\Behavioral-Cloning--SelfDrivingCar-master\IMG\IMG\left_2018_11_09_15_03_56_914.jpg, C:\Users\asus\Desktop\related work\Behavioral-Cloning--SelfDrivingCar-master\IMG\IMG\right_2018_11_09_15_03_56_914.jpg, 0, 0, 0, 0.002991017
C:\Users\asus\Desktop\related work\Behavioral-Cloning--SelfDrivingCar-master\IMG\IMG\center_2018_11_09_15_03_57_018.jpg, C:\Users\asus\Desktop\related work\Behavioral-Cloning--SelfDrivingCar-master\IMG\IMG\left_2018_11_09_15_03_57_018.jpg, C:\Users\asus\Desktop\related work\Behavioral-Cloning--SelfDrivingCar-master\IMG\IMG\right_2018_11_09_15_03_57_018.jpg, 0, 0, 0, 0.003580485
C:\Users\asus\Desktop\related work\Behavioral-Cloning--SelfDrivingCar-master\IMG\IMG\center_2018_11_09_15_03_57_129.jpg, C:\Users\asus\Desktop\related work\Behavioral-Cloning--SelfDrivingCar-master\IMG\IMG\left_2018_11_09_15_03_57_129.jpg, C:\Users\asus\Desktop\related work\Behavioral-Cloning--SelfDrivingCar-master\IMG\IMG\right_2018_11_09_15_03_57_129.jpg, 0, 0, 0, 0.004014832
C:\Users\asus\Desktop\related work\Behavioral-Cloning--SelfDrivingCar-master\IMG\IMG\center_2018_11_09_15_03_57_260.jpg, C:\Users\asus\Desktop\related work\Behavioral-Cloning--SelfDrivingCar-master\IMG\IMG\left_2018_11_09_15_03_57_260.jpg, C:\Users\asus\Desktop\related work\Behavioral-Cloning--SelfDrivingCar-master\IMG\IMG\right_2018_11_09_15_03_57_260.jpg, 0, 0, 0, 0.00453722
C:\Users\asus\Desktop\related work\Behavioral-Cloning--SelfDrivingCar-master\IMG\IMG\center_2018_11_09_15_03_57_362.jpg, C:\Users\asus\Desktop\related work\Behavioral-Cloning--SelfDrivingCar-master\IMG\IMG\left_2018_11_09_15_03_57_362.jpg, C:\Users\asus\Desktop\related work\Behavioral-Cloning--SelfDrivingCar-master\IMG\IMG\right_2018_11_09_15_03_57_362.jpg, 0, 0, 0, 0.001440678
C:\Users\asus\Desktop\related work\Behavioral-Cloning--SelfDrivingCar-master\IMG\IMG\center_2018_11_09_15_03_57_481.jpg, C:\Users\asus\Desktop\related work\Behavioral-Cloning--SelfDrivingCar-master\IMG\IMG\left_2018_11_09_15_03_57_481.jpg, C:\Users\asus\Desktop\related work\Behavioral-Cloning--SelfDrivingCar-master\IMG\IMG\right_2018_11_09_15_03_57_481.jpg, 0, 0, 0, 0.0006080252
C:\Users\asus\Desktop\related work\Behavioral-Cloning--SelfDrivingCar-master\IMG\IMG\center_2018_11_09_15_03_57_589.jpg, C:\Users\asus\Desktop\related work\Behavioral-Cloning--SelfDrivingCar-master\IMG\IMG\left_2018_11_09_15_03_57_589.jpg, C:\Users\asus\Desktop\related work\Behavioral-Cloning--SelfDrivingCar-master\IMG\IMG\right_2018_11_09_15_03_57_589.jpg, 0, 0, 0, 0.0007169377
C:\Users\asus\Desktop\related work\Behavioral-Cloning--SelfDrivingCar-master\IMG\IMG\center_2018_11_09_15_03_57_742.jpg, C:\Users\asus\Desktop\related work\Behavioral-Cloning--SelfDrivingCar-master\IMG\IMG\left_2018_11_09_15_03_57_742.jpg, C:\Users\asus\Desktop\related work\Behavioral-Cloning--SelfDrivingCar-master\IMG\IMG\right_2018_11_09_15_03_57_742.jpg, 0, 0, 0, 0.0002462446
C:\Users\asus\Desktop\related work\Behavioral-Cloning--SelfDrivingCar-master\IMG\IMG\center_2018_11_09_15_03_57_842.jpg, C:\Users\asus\Desktop\related work\Behavioral-Cloning--SelfDrivingCar-master\IMG\IMG\left_2018_11_09_15_03_57_842.jpg, C:\Users\asus\Desktop\related work\Behavioral-Cloning--SelfDrivingCar-master\IMG\IMG\right_2018_11_09_15_03_57_842.jpg, 0, 0, 0, 0.0002003042
C:\Users\asus\Desktop\related work\Behavioral-Cloning--SelfDrivingCar-master\IMG\IMG\center_2018_11_09_15_03_57_947.jpg, C:\Users\asus\Desktop\related work\Behavioral-Cloning--SelfDrivingCar-master\IMG\IMG\left_2018_11_09_15_03_57_947.jpg, C:\Users\asus\Desktop\related work\Behavioral-Cloning--SelfDrivingCar-master\IMG\IMG\right_2018_11_09_15_03_57_947.jpg, 0, 0, 0, 0.0004103502
C:\Users\asus\Desktop\related work\Behavioral-Cloning--SelfDrivingCar-master\IMG\IMG\center_2018_11_09_15_03_58_063.jpg, C:\Users\asus\Desktop\related work\Behavioral-Cloning--SelfDrivingCar-master\IMG\IMG\left_2018_11_09_15_03_58_063.jpg, C:\Users\asus\Desktop\related work\Behavioral-Cloning--SelfDrivingCar-master\IMG\IMG\right_2018_11_09_15_03_58_063.jpg, 0, 0, 0, 0.0003251894
C:\Users\asus\Desktop\related work\Behavioral-Cloning--SelfDrivingCar-master\IMG\IMG\center_2018_11_09_15_03_58_173.jpg, C:\Users\asus\Desktop\related work\Behavioral-Cloning--SelfDrivingCar-master\IMG\IMG\left_2018_11_09_15_03_58_173.jpg, C:\Users\asus\Desktop\related work\Behavioral-Cloning--SelfDrivingCar-master\IMG\IMG\right_2018_11_09_15_03_58_173.jpg, 0, 0, 0, 0.0001946925
C:\Users\asus\Desktop\related work\Behavioral-Cloning--SelfDrivingCar-master\IMG\IMG\center_2018_11_09_15_03_58_278.jpg, C:\Users\asus\Desktop\related work\Behavioral-Cloning--SelfDrivingCar-master\IMG\IMG\left_2018_11_09_15_03_58_278.jpg, C:\Users\asus\Desktop\related work\Behavioral-Cloning--SelfDrivingCar-master\IMG\IMG\right_2018_11_09_15_03_58_278.jpg, 0, 0, 0, 0.0002675509
C:\Users\asus\Desktop\related work\Behavioral-Cloning--SelfDrivingCar-master\IMG\IMG\center_2018_11_09_15_03_58_396.jpg, C:\Users\asus\Desktop\related work\Behavioral-Cloning--SelfDrivingCar-master\IMG\IMG\left_2018_11_09_15_03_58_396.jpg, C:\Users\asus\Desktop\related work\Behavioral-Cloning--SelfDrivingCar-master\IMG\IMG\right_2018_11_09_15_03_58_396.jpg, 0, 0, 0, 0.0003190385
C:\Users\asus\Desktop\related work\Behavioral-Cloning--SelfDrivingCar-master\IMG\IMG\center_2018_11_09_15_03_58_496.jpg, C:\Users\asus\Desktop\related work\Behavioral-Cloning--SelfDrivingCar-master\IMG\IMG\left_2018_11_09_15_03_58_496.jpg, C:\Users\asus\Desktop\related work\Behavioral-Cloning--SelfDrivingCar-master\IMG\IMG\right_2018_11_09_15_03_58_496.jpg, 0, 0, 0, 0.0002228857
C:\Users\asus\Desktop\related work\Behavioral-Cloning--SelfDrivingCar-master\IMG\IMG\center_2018_11_09_15_03_58_621.jpg, C:\Users\asus\Desktop\related work\Behavioral-Cloning--SelfDrivingCar-master\IMG\IMG\left_2018_11_09_15_03_58_621.jpg, C:\Users\asus\Desktop\related work\Behavioral-Cloning--SelfDrivingCar-master\IMG\IMG\right_2018_11_09_15_03_58_621.jpg, 0, 0, 0, 0.0002271557
C:\Users\asus\Desktop\related work\Behavioral-Cloning--SelfDrivingCar-master\IMG\IMG\center_2018_11_09_15_03_58_726.jpg, C:\Users\asus\Desktop\related work\Behavioral-Cloning--SelfDrivingCar-master\IMG\IMG\left_2018_11_09_15_03_58_726.jpg, C:\Users\asus\Desktop\related work\Behavioral-Cloning--SelfDrivingCar-master\IMG\IMG\right_2018_11_09_15_03_58_726.jpg, 0, 0, 0, 0.0002980526
C:\Users\asus\Desktop\related work\Behavioral-Cloning--SelfDrivingCar-master\IMG\IMG\center_2018_11_09_15_03_58_846.jpg, C:\Users\asus\Desktop\related work\Behavioral-Cloning--SelfDrivingCar-master\IMG\IMG\left_2018_11_09_15_03_58_846.jpg, C:\Users\asus\Desktop\related work\Behavioral-Cloning--SelfDrivingCar-master\IMG\IMG\right_2018_11_09_15_03_58_846.jpg, 0, 0, 0, 0.000259674
C:\Users\asus\Desktop\related work\Behavioral-Cloning--SelfDrivingCar-master\IMG\IMG\center_2018_11_09_15_03_58_978.jpg, C:\Users\asus\Desktop\related work\Behavioral-Cloning--SelfDrivingCar-master\IMG\IMG\left_2018_11_09_15_03_58_978.jpg, C:\Users\asus\Desktop\related work\Behavioral-Cloning--SelfDrivingCar-master\IMG\IMG\right_2018_11_09_15_03_58_978.jpg, 0, 0, 0, 0.0003195879
C:\Users\asus\Desktop\related work\Behavioral-Cloning--SelfDrivingCar-master\IMG\IMG\center_2018_11_09_15_03_59_103.jpg, C:\Users\asus\Desktop\related work\Behavioral-Cloning--SelfDrivingCar-master\IMG\IMG\left_2018_11_09_15_03_59_103.jpg, C:\Users\asus\Desktop\related work\Behavioral-Cloning--SelfDrivingCar-master\IMG\IMG\right_2018_11_09_15_03_59_103.jpg, 0, 0, 0, 0.0002817388
C:\Users\asus\Desktop\related work\Behavioral-Cloning--SelfDrivingCar-master\IMG\IMG\center_2018_11_09_15_03_59_205.jpg, C:\Users\asus\Desktop\related work\Behavioral-Cloning--SelfDrivingCar-master\IMG\IMG\left_2018_11_09_15_03_59_205.jpg, C:\Users\asus\Desktop\related work\Behavioral-Cloning--SelfDrivingCar-master\IMG\IMG\right_2018_11_09_15_03_59_205.jpg, 0, 0, 0, 0.000308686
C:\Users\asus\Desktop\related work\Behavioral-Cloning--SelfDrivingCar-master\IMG\IMG\center_2018_11_09_15_03_59_322.jpg, C:\Users\asus\Desktop\related work\Behavioral-Cloning--SelfDrivingCar-master\IMG\IMG\left_2018_11_09_15_03_59_322.jpg, C:\Users\asus\Desktop\related work\Behavioral-Cloning--SelfDrivingCar-master\IMG\IMG\right_2018_11_09_15_03_59_322.jpg, 0, 0, 0, 0.0002554947
C:\Users\asus\Desktop\related work\Behavioral-Cloning--SelfDrivingCar-master\IMG\IMG\center_2018_11_09_15_03_59_449.jpg, C:\Users\asus\Desktop\related work\Behavioral-Cloning--SelfDrivingCar-master\IMG\IMG\left_2018_11_09_15_03_59_449.jpg, C:\Users\asus\Desktop\related work\Behavioral-Cloning--SelfDrivingCar-master\IMG\IMG\right_2018_11_09_15_03_59_449.jpg, 0, 0, 0, 0.000252446
C:\Users\asus\Desktop\related work\Behavioral-Cloning--SelfDrivingCar-master\IMG\IMG\center_2018_11_09_15_03_59_559.jpg, C:\Users\asus\Desktop\related work\Behavioral-Cloning--SelfDrivingCar-master\IMG\IMG\left_2018_11_09_15_03_59_559.jpg, C:\Users\asus\Desktop\related work\Behavioral-Cloning--SelfDrivingCar-master\IMG\IMG\right_2018_11_09_15_03_59_559.jpg, 0, 0, 0, 0.0003158599
C:\Users\asus\Desktop\related work\Behavioral-Cloning--SelfDrivingCar-master\IMG\IMG\center_2018_11_09_15_03_59_676.jpg, C:\Users\asus\Desktop\related work\Behavioral-Cloning--SelfDrivingCar-master\IMG\IMG\left_2018_11_09_15_03_59_676.jpg, C:\Users\asus\Desktop\related work\Behavioral-Cloning--SelfDrivingCar-master\IMG\IMG\right_2018_11_09_15_03_59_676.jpg, 0, 0, 0, 0.0002684353
C:\Users\asus\Desktop\related work\Behavioral-Cloning--SelfDrivingCar-master\IMG\IMG\center_2018_11_09_15_03_59_790.jpg, C:\Users\asus\Desktop\related work\Behavioral-Cloning--SelfDrivingCar-master\IMG\IMG\left_2018_11_09_15_03_59_790.jpg, C:\Users\asus\Desktop\related work\Behavioral-Cloning--SelfDrivingCar-master\IMG\IMG\right_2018_11_09_15_03_59_790.jpg, 0, 0, 0, 0.0003091299
C:\Users\asus\Desktop\related work\Behavioral-Cloning--SelfDrivingCar-master\IMG\IMG\center_2018_11_09_15_03_59_897.jpg, C:\Users\asus\Desktop\related work\Behavioral-Cloning--SelfDrivingCar-master\IMG\IMG\left_2018_11_09_15_03_59_897.jpg, C:\Users\asus\Desktop\related work\Behavioral-Cloning--SelfDrivingCar-master\IMG\IMG\right_2018_11_09_15_03_59_897.jpg, 0, 0, 0, 0.0002509345
C:\Users\asus\Desktop\related work\Behavioral-Cloning--SelfDrivingCar-master\IMG\IMG\center_2018_11_09_15_04_00_000.jpg, C:\Users\asus\Desktop\related work\Behavioral-Cloning--SelfDrivingCar-master\IMG\IMG\left_2018_11_09_15_04_00_000.jpg, C:\Users\asus\Desktop\related work\Behavioral-Cloning--SelfDrivingCar-master\IMG\IMG\right_2018_11_09_15_04_00_000.jpg, 0, 0, 0, 0.0002657473
C:\Users\asus\Desktop\related work\Behavioral-Cloning--SelfDrivingCar-master\IMG\IMG\center_2018_11_09_15_04_00_117.jpg, C:\Users\asus\Desktop\related work\Behavioral-Cloning--SelfDrivingCar-master\IMG\IMG\left_2018_11_09_15_04_00_117.jpg, C:\Users\asus\Desktop\related work\Behavioral-Cloning--SelfDrivingCar-master\IMG\IMG\right_2018_11_09_15_04_00_117.jpg, 0, 0, 0, 0.0002658013
C:\Users\asus\Desktop\related work\Behavioral-Cloning--SelfDrivingCar-master\IMG\IMG\center_2018_11_09_15_04_00_237.jpg, C:\Users\asus\Desktop\related work\Behavioral-Cloning--SelfDrivingCar-master\IMG\IMG\left_2018_11_09_15_04_00_237.jpg, C:\Users\asus\Desktop\related work\Behavioral-Cloning--SelfDrivingCar-master\IMG\IMG\right_2018_11_09_15_04_00_237.jpg, 0, 0, 0, 0.0002471239
C:\Users\asus\Desktop\related work\Behavioral-Cloning--SelfDrivingCar-master\IMG\IMG\center_2018_11_09_15_04_00_355.jpg, C:\Users\asus\Desktop\related work\Behavioral-Cloning--SelfDrivingCar-master\IMG\IMG\left_2018_11_09_15_04_00_355.jpg, C:\Users\asus\Desktop\related work\Behavioral-Cloning--SelfDrivingCar-master\IMG\IMG\right_2018_11_09_15_04_00_355.jpg, 0, 0, 0, 0.0002638567
C:\Users\asus\Desktop\related work\Behavioral-Cloning--SelfDrivingCar-master\IMG\IMG\center_2018_11_09_15_04_00_471.jpg, C:\Users\asus\Desktop\related work\Behavioral-Cloning--SelfDrivingCar-master\IMG\IMG\left_2018_11_09_15_04_00_471.jpg, C:\Users\asus\Desktop\related work\Behavioral-Cloning--SelfDrivingCar-master\IMG\IMG\right_2018_11_09_15_04_00_471.jpg, 0, 0, 0, 0.0002683025
C:\Users\asus\Desktop\related work\Behavioral-Cloning--SelfDrivingCar-master\IMG\IMG\center_2018_11_09_15_04_00_574.jpg, C:\Users\asus\Desktop\related work\Behavioral-Cloning--SelfDrivingCar-master\IMG\IMG\left_2018_11_09_15_04_00_574.jpg, C:\Users\asus\Desktop\related work\Behavioral-Cloning--SelfDrivingCar-master\IMG\IMG\right_2018_11_09_15_04_00_574.jpg, 0, 0, 0, 0.0002999651
C:\Users\asus\Desktop\related work\Behavioral-Cloning--SelfDrivingCar-master\IMG\IMG\center_2018_11_09_15_04_00_683.jpg, C:\Users\asus\Desktop\related work\Behavioral-Cloning--SelfDrivingCar-master\IMG\IMG\left_2018_11_09_15_04_00_683.jpg, C:\Users\asus\Desktop\related work\Behavioral-Cloning--SelfDrivingCar-master\IMG\IMG\right_2018_11_09_15_04_00_683.jpg, 0, 0, 0, 0.0002836723
C:\Users\asus\Desktop\related work\Behavioral-Cloning--SelfDrivingCar-master\IMG\IMG\center_2018_11_09_15_04_00_786.jpg, C:\Users\asus\Desktop\related work\Behavioral-Cloning--SelfDrivingCar-master\IMG\IMG\left_2018_11_09_15_04_00_786.jpg, C:\Users\asus\Desktop\related work\Behavioral-Cloning--SelfDrivingCar-master\IMG\IMG\right_2018_11_09_15_04_00_786.jpg, 0, 0, 0, 0.0003029575
C:\Users\asus\Desktop\related work\Behavioral-Cloning--SelfDrivingCar-master\IMG\IMG\center_2018_11_09_15_04_00_890.jpg, C:\Users\asus\Desktop\related work\Behavioral-Cloning--SelfDrivingCar-master\IMG\IMG\left_2018_11_09_15_04_00_890.jpg, C:\Users\asus\Desktop\related work\Behavioral-Cloning--SelfDrivingCar-master\IMG\IMG\right_2018_11_09_15_04_00_890.jpg, 0, 0, 0, 0.0002547224
C:\Users\asus\Desktop\related work\Behavioral-Cloning--SelfDrivingCar-master\IMG\IMG\center_2018_11_09_15_04_00_995.jpg, C:\Users\asus\Desktop\related work\Behavioral-Cloning--SelfDrivingCar-master\IMG\IMG\left_2018_11_09_15_04_00_995.jpg, C:\Users\asus\Desktop\related work\Behavioral-Cloning--SelfDrivingCar-master\IMG\IMG\right_2018_11_09_15_04_00_995.jpg, 0, 0, 0, 0.0002612948
C:\Users\asus\Desktop\related work\Behavioral-Cloning--SelfDrivingCar-master\IMG\IMG\center_2018_11_09_15_04_01_097.jpg, C:\Users\asus\Desktop\related work\Behavioral-Cloning--SelfDrivingCar-master\IMG\IMG\left_2018_11_09_15_04_01_097.jpg, C:\Users\asus\Desktop\related work\Behavioral-Cloning--SelfDrivingCar-master\IMG\IMG\right_2018_11_09_15_04_01_097.jpg, 0, 0, 0, 0.0002700796
C:\Users\asus\Desktop\related work\Behavioral-Cloning--SelfDrivingCar-master\IMG\IMG\center_2018_11_09_15_04_01_201.jpg, C:\Users\asus\Desktop\related work\Behavioral-Cloning--SelfDrivingCar-master\IMG\IMG\left_2018_11_09_15_04_01_201.jpg, C:\Users\asus\Desktop\related work\Behavioral-Cloning--SelfDrivingCar-master\IMG\IMG\right_2018_11_09_15_04_01_201.jpg, 0, 0, 0, 0.0003043989
C:\Users\asus\Desktop\related work\Behavioral-Cloning--SelfDrivingCar-master\IMG\IMG\center_2018_11_09_15_04_01_383.jpg, C:\Users\asus\Desktop\related work\Behavioral-Cloning--SelfDrivingCar-master\IMG\IMG\left_2018_11_09_15_04_01_383.jpg, C:\Users\asus\Desktop\related work\Behavioral-Cloning--SelfDrivingCar-master\IMG\IMG\right_2018_11_09_15_04_01_383.jpg, 0, 0, 0, 0.0002611648
C:\Users\asus\Desktop\related work\Behavioral-Cloning--SelfDrivingCar-master\IMG\IMG\center_2018_11_09_15_04_01_497.jpg, C:\Users\asus\Desktop\related work\Behavioral-Cloning--SelfDrivingCar-master\IMG\IMG\left_2018_11_09_15_04_01_497.jpg, C:\Users\asus\Desktop\related work\Behavioral-Cloning--SelfDrivingCar-master\IMG\IMG\right_2018_11_09_15_04_01_497.jpg, 0, 0, 0, 0.0003057658
C:\Users\asus\Desktop\related work\Behavioral-Cloning--SelfDrivingCar-master\IMG\IMG\center_2018_11_09_15_04_01_608.jpg, C:\Users\asus\Desktop\related work\Behavioral-Cloning--SelfDrivingCar-master\IMG\IMG\left_2018_11_09_15_04_01_608.jpg, C:\Users\asus\Desktop\related work\Behavioral-Cloning--SelfDrivingCar-master\IMG\IMG\right_2018_11_09_15_04_01_608.jpg, 0, 0, 0, 0.0002506452
C:\Users\asus\Desktop\related work\Behavioral-Cloning--SelfDrivingCar-master\IMG\IMG\center_2018_11_09_15_04_01_719.jpg, C:\Users\asus\Desktop\related work\Behavioral-Cloning--SelfDrivingCar-master\IMG\IMG\left_2018_11_09_15_04_01_719.jpg, C:\Users\asus\Desktop\related work\Behavioral-Cloning--SelfDrivingCar-master\IMG\IMG\right_2018_11_09_15_04_01_719.jpg, 0, 0, 0, 0.0002755256
C:\Users\asus\Desktop\related work\Behavioral-Cloning--SelfDrivingCar-master\IMG\IMG\center_2018_11_09_15_04_01_828.jpg, C:\Users\asus\Desktop\related work\Behavioral-Cloning--SelfDrivingCar-master\IMG\IMG\left_2018_11_09_15_04_01_828.jpg, C:\Users\asus\Desktop\related work\Behavioral-Cloning--SelfDrivingCar-master\IMG\IMG\right_2018_11_09_15_04_01_828.jpg, 0, 0, 0, 0.0002479517
C:\Users\asus\Desktop\related work\Behavioral-Cloning--SelfDrivingCar-master\IMG\IMG\center_2018_11_09_15_04_01_961.jpg, C:\Users\asus\Desktop\related work\Behavioral-Cloning--SelfDrivingCar-master\IMG\IMG\left_2018_11_09_15_04_01_961.jpg, C:\Users\asus\Desktop\related work\Behavioral-Cloning--SelfDrivingCar-master\IMG\IMG\right_2018_11_09_15_04_01_961.jpg, 0, 0, 0, 0.0002753466
C:\Users\asus\Desktop\related work\Behavioral-Cloning--SelfDrivingCar-master\IMG\IMG\center_2018_11_09_15_04_02_067.jpg, C:\Users\asus\Desktop\related work\Behavioral-Cloning--SelfDrivingCar-master\IMG\IMG\left_2018_11_09_15_04_02_067.jpg, C:\Users\asus\Desktop\related work\Behavioral-Cloning--SelfDrivingCar-master\IMG\IMG\right_2018_11_09_15_04_02_067.jpg, 0, 0, 0, 0.0002579924
C:\Users\asus\Desktop\related work\Behavioral-Cloning--SelfDrivingCar-master\IMG\IMG\center_2018_11_09_15_04_02_195.jpg, C:\Users\asus\Desktop\related work\Behavioral-Cloning--SelfDrivingCar-master\IMG\IMG\left_2018_11_09_15_04_02_195.jpg, C:\Users\asus\Desktop\related work\Behavioral-Cloning--SelfDrivingCar-master\IMG\IMG\right_2018_11_09_15_04_02_195.jpg, 0, 0, 0, 0.0003069193
C:\Users\asus\Desktop\related work\Behavioral-Cloning--SelfDrivingCar-master\IMG\IMG\center_2018_11_09_15_04_02_295.jpg, C:\Users\asus\Desktop\related work\Behavioral-Cloning--SelfDrivingCar-master\IMG\IMG\left_2018_11_09_15_04_02_295.jpg, C:\Users\asus\Desktop\related work\Behavioral-Cloning--SelfDrivingCar-master\IMG\IMG\right_2018_11_09_15_04_02_295.jpg, 0, 0, 0, 0.0002642543
C:\Users\asus\Desktop\related work\Behavioral-Cloning--SelfDrivingCar-master\IMG\IMG\center_2018_11_09_15_04_02_421.jpg, C:\Users\asus\Desktop\related work\Behavioral-Cloning--SelfDrivingCar-master\IMG\IMG\left_2018_11_09_15_04_02_421.jpg, C:\Users\asus\Desktop\related work\Behavioral-Cloning--SelfDrivingCar-master\IMG\IMG\right_2018_11_09_15_04_02_421.jpg, 0, 0, 0, 0.0002692577
C:\Users\asus\Desktop\related work\Behavioral-Cloning--SelfDrivingCar-master\IMG\IMG\center_2018_11_09_15_04_02_528.jpg, C:\Users\asus\Desktop\related work\Behavioral-Cloning--SelfDrivingCar-master\IMG\IMG\left_2018_11_09_15_04_02_528.jpg, C:\Users\asus\Desktop\related work\Behavioral-Cloning--SelfDrivingCar-master\IMG\IMG\right_2018_11_09_15_04_02_528.jpg, 0, 0, 0, 0.0002445373
C:\Users\asus\Desktop\related work\Behavioral-Cloning--SelfDrivingCar-master\IMG\IMG\center_2018_11_09_15_04_02_646.jpg, C:\Users\asus\Desktop\related work\Behavioral-Cloning--SelfDrivingCar-master\IMG\IMG\left_2018_11_09_15_04_02_646.jpg, C:\Users\asus\Desktop\related work\Behavioral-Cloning--SelfDrivingCar-master\IMG\IMG\right_2018_11_09_15_04_02_646.jpg, 0, 0, 0, 0.0002635964
C:\Users\asus\Desktop\related work\Behavioral-Cloning--SelfDrivingCar-master\IMG\IMG\center_2018_11_09_15_04_02_774.jpg, C:\Users\asus\Desktop\related work\Behavioral-Cloning--SelfDrivingCar-master\IMG\IMG\left_2018_11_09_15_04_02_774.jpg, C:\Users\asus\Desktop\related work\Behavioral-Cloning--SelfDrivingCar-master\IMG\IMG\right_2018_11_09_15_04_02_774.jpg, 0, 0, 0, 0.0002449523
C:\Users\asus\Desktop\related work\Behavioral-Cloning--SelfDrivingCar-master\IMG\IMG\center_2018_11_09_15_04_02_883.jpg, C:\Users\asus\Desktop\related work\Behavioral-Cloning--SelfDrivingCar-master\IMG\IMG\left_2018_11_09_15_04_02_883.jpg, C:\Users\asus\Desktop\related work\Behavioral-Cloning--SelfDrivingCar-master\IMG\IMG\right_2018_11_09_15_04_02_883.jpg, 0, 0, 0, 0.0002574017
C:\Users\asus\Desktop\related work\Behavioral-Cloning--SelfDrivingCar-master\IMG\IMG\center_2018_11_09_15_04_02_999.jpg, C:\Users\asus\Desktop\related work\Behavioral-Cloning--SelfDrivingCar-master\IMG\IMG\left_2018_11_09_15_04_02_999.jpg, C:\Users\asus\Desktop\related work\Behavioral-Cloning--SelfDrivingCar-master\IMG\IMG\right_2018_11_09_15_04_02_999.jpg, 0, 0, 0, 0.0002545443
C:\Users\asus\Desktop\related work\Behavioral-Cloning--SelfDrivingCar-master\IMG\IMG\center_2018_11_09_15_04_03_107.jpg, C:\Users\asus\Desktop\related work\Behavioral-Cloning--SelfDrivingCar-master\IMG\IMG\left_2018_11_09_15_04_03_107.jpg, C:\Users\asus\Desktop\related work\Behavioral-Cloning--SelfDrivingCar-master\IMG\IMG\right_2018_11_09_15_04_03_107.jpg, 0, 0, 0, 0.0002635224
